Workbook

Sheet ConsolidatedMHrequirementApr25
A1: Consolidated man hour requirement for Apr'25
A2: =(20*8*6)
A3: Job No | B3: No. of orders | C3: Exp. | D3: Inspn | E3: Others | F3: Total | G3: *Others/ Remarks | J3: Insp/ Project Coordinators | N3: MH available as on | O3: MH to be released for Apr'25 | P3: Allotted | Q3: 8518 reqd
A4: B016 | B4: 0 | C4: 0 | E4: 0 | F4: 0 | J4: Uday Pratap Singh/Pankaj Saxena/Alok Singh | Q4: 10h issued on 2/5[1714];16h rel on 2/7[1722];8h rel on 12/9[1730] for VFD
A5: B035 | B5: 1 | C5: =1*8 | D5: 0 | E5: 0 | F5: =C5+D5+E5 | G5: Expediting - Greensol; | J5: Saeed Akhtar/ D Jana | N5: 0 | O5: =F5-N5 | Q5: 47 hr avl on 19/7;64 h already bkd in jul; 28 hrs relsd on 16/11;24h relsd on 18/12;24h relsd on 14/1;32h issued-RAM val extn for YVT reqd;16 h on 16/3/20;16h relsd on 23/6/20; J/F/M request:80/40/40; 96 hrs given on 4/2/21'40h on 30/3/21;16h allotted on 28/6;40h relsd on 25/8;24h relsd on 26/10;32h relsd on25/11;24 h rel. in Dec;24h rel on 3/2/22;8h relsd on 1/8/22;8h relsd on 29/8;32h rel on 27/9;8h rel on 10/1[1249];8h on 9/2[1257];8h on 1/5[1275];8h on 31/5[1283];8h on 28/7[1291];8 h on 15/9[1307];8 h on 26/9[1315];32h rel on 1/12[1407;32h rel on 8/1[1471]; 8h+ 4h(B302) rel on 12/2[1483];8h +6h(B302) rel on 11/3[1497];8h rel on 1/4[1505];8h rel on 13/5[1513];16h for May & Jun rel on 1/7[1539];8h rel on 9/8[1555] 90h rel on 12/10 [1645]-10h bal c/f to Oct;8h rel on 28/2[1653]
A6: B038 | B6: 2 | C6: =2*2 | D6: 0 | E6: 0 | F6: =C6+D6+E6 | G6: Expediting/fin.doc subm followup & OCS prep(16 nos) - 24h sought for Time ex.of YIL & other activities of past for CPCL on 22/12/21 - 16h relsd on 31/12/21; 1 Ord on FS recd in Oct-4h rel on 28/10; 8h sought on 5/12; Dec: 2 OCS +5 run. Ord. expediting - 28h sought (8h rel); Jan: 5 run ord +2 FD exp,Sandvik Mtgs - 36h sought - 12h rel [32];FEb- 20h sought-none relsd; Mar:32h sought- 16h issued; Meeting at Sandvik on 11/4/23 with MRPL; Apr:5 running orders+3FD expediting(32h)- total:40h sought - May: Alliema VC on 16/5/23;5 running orders+3FD expediting(32h)- 40h sought; 6r orders+2 OCS+Alliema expediting - 40h sought in Jun-16 relsd.[120];40 sought in Jul(8 ord+Alleima- exp incl. mtg on 26/7)); 36h sought in Aug- incl.7 orders(4 running) & Alleima Expediting [64 h sought on 28/8 incl. 28h short of Jul]; [20 h relsd [168] ;6 orders expediting- 24h;6 orders expediting;1 OCS on 12/9;Alleima expediting including visits to Hosur works on 1 & 7/9;Oct: 1 OCS done(704), 5 orders expediting- sought 24h;Nov: 7ord exp- 14hrs sought; Dec: 7 order expediting - 14h +4h- mtg with Head of Swims& IL for urgent intervention; Jan:7 ord exp - 14h(not rel); Feb:2Runn ord exp +1OCS+4FD exp; Mar: 2 Runn ord+3FDsub exp+1 OCS; Mtg with YIL on 7/3/24 for Turnkey Instn Job;Apr: 1 Rord;3 FD exp+1OCS;mtg with YIL -29/4; May: 2 FD exp+1OCS+ 1Rord Exp -8h;Jun: 1FD exp+1OCS+1Rord Exp-6h; Jul: 1ord fd exp; 1ord- YIL - excl.exp. with mtgs & daily f/ups; Aug- 2 ord - 4h; Sep-2 ord FD - 4h; Oct-2ord FD-4h ;Nov-2ord FD-4h;Dec-2ord FD-4h;Jan,Feb,Mar-2ord FD-4h; Apr- 2ord (incl 1OCS) -4h | J6: Himanghsu Pal/Sanjeev Kumar/Aasheesh Handa | N6: 0 | O6: =F6-N6 | Q6: 60 hr allocated on 22/2/19 (first time); 140 hrs allotted on 26/4/19; 200h relsd on 7/8/19; 40 hrs relsd on 5/11/19;50 hrs relsd on 13/1/20;40 hr relsd on 20/2;;Bal. MH reqd from May'20 till completion of activities: 8 orders - 3 orders can get completed by Jul'20; bal 5 orders will go upto Sept- so Exp:3*3*4+5*5*4=136hrs;FD/OCS-29 orders -29*4*3=348 - So total - 484 mh; 16 hrs avl as on 27/5/20; 20 hrs avl. as on 20/8- RAM auth to be chkd;130h allotted on 29/9 - till end of pjt -brk up 40(sep),40(oct),50(Nov);16h relsd on 31/12/21;8h rel on 12/12; 8h rel on 6/1/23;12mh rel on 17/2 against 36 sought[32] b038-02;16h ag.20hsought on 27/2[48]; 16h rel on 6/4 against 20 sought[64];22h given against 40 sought on 15/5/23 [88];16h given in place of 40 on 19/6[104];12h (in place of 40h) rel on 8/8[132];28h rel on 7/9[160];16h rel on 9/10-sep ts closed - so used for Oct[184];26h rel on 18/12[210];10h on 11/1[220];7h rel on 4/3/24[234];16h rel for Mar [250];;8h on 4/6[270]8h rel on 4/8[278]
A7: B058 | B7: 1 | C7: 0 | F7: 0 | J7: Patra/Sanjay Dhuria | Q7: 8h rel on 1/8
A8: B224 -03 | B8: CDU/VDU | C8: Tata Projects | F8: 0 | J8: Mr Dipak Panchal / Mr Sunil Saurabh/ Mr R.K.Mohabe/Neena Mukherjee | N8: 0 | O8: 56 | Q8: 20 hrs issued on 9/20- addl 48 hrs provided on 18/11/20;48h recd on 8/1/21;64 mh against B224-05 recd on 14/5/21;56 h on 1/6/21;140h relsd on 6/12/21;190h relsd on 28/12/21;112h relsd on 2/2/22;64h relsd on 28/2/22;216h relsd on 28/3/22;88h relsd on 4/5/22;80h relsd on 29/6/22;80h relsd on 1/8/22;316h against all units relsd on 28/9 in unit 00; 114h relsd on 3/11/22; 120 h relsd on 4/12 against req. of 212h(804 in Unit 00 as on 6/12); 300 rel. on 6/1 in place of 388 sought [1104];172h rel on 172 on 16/2[1276];256h rel on 7/3[1532];300h (against 360 sought) rel on 5/4[1832];304h rel on 12/5[2136];300mh rel on 31/5 against 408 sought [2436]; 200h rel on 9/8 (264 sought)[3039]; 440h sought on 28/8 & resld on 11/9; 372h sought on 26/9- relsd on 4/10; 301 hr rel. for Nov & Dec against 480 sought on 8/1/24[4482];240mh issued on22/2 (against 252 sought) [4735];150h rel on 1/4 for feb & 150h rel on 6/4 for mar[5035];96h rel on 21/5[5131];96h rel on 2/7/24 (for May'24)[5227];272h rel on 16/7[5499]; 40h rel on 12/10[5635];90h rel on 10/1[5720];100h rel on 20/1[5820];21h rel on 10/2[5841];307h rel for Jan-Mar on 24/4
A9: B224 -03 | B9: VGO | C9: Tata Projects | J9: Mr Aasheesh Handa / Mr Manoj Kumar/ Mr R.K.Mohabe
A10: B224 -03 | B10: DCU | C10: Tata Projects | F10: 0 | J10: Mr Arun Sharma / Mr Pawan Kumar Singh/ Mr R.K.Mohabe
A11: B224 -03 | B11: DHDT/ HGU | C11: TOYO | F11: 0 | J11: Ms Gauri Sharma / Mr K.Manish/Mr R.K. Mohabe/Neena | P11: 56 hrs relsd on 27/9 ;80h relsd against b224-00 on 11/8/22; 104 mh for 03 & 04 relsd on 9/9 against Unit-00;144h rel on 3/11;100h rel on 20/1 [5825]
A12: B224 -03 | B12: PFCCU | C12: L & T | F12: 0 | J12: Ms Tania Mukharjee / Mr Arunabh Bera/Mr R.K.Mohabe
A13: B224-04 | B13: DFCU | C13: L & T | F13: =8*0.5 | G13: Insp: L&T /YIL -Doc rev+IRN end-5/4(0.5d) | J13: Mr Sharad Saxena/ Mr Abhay Pratap Singh / Mr S.K.Singh/Sheesham | P13: Auth & MH rel pending- Sheesham!SV/NV- 144h issued on 28/3/22;56h relsd on 4/5/22;88h resld on 2/6/22;32h relsd on 6/7/22
A14: B224-04 | B14: Petrochemical | J14: Mr Navneet Mann / Mr Rakesh Sharma /Mr S.K.Singh
A15: B224-05 | B15: Offsites & Utilities | F15: =8*0.5 | G15: Inspn:Afcons/Emerson-UFM- Doc/Compliance rev - 2/4 (0.5d); | J15: Mr Raju Chutani/ Mr Gul Nebhanani | P15: 88mh resld on 30/12/21;136h relsd on 28/2/22;112 h relsd on 30/3/22;40h on 28/5/22;40h relsd on 1/7/22;24h rel on 29/8
A16: B224-06 | B16: SRU | C16: MEIL | E16: 0 | F16: =8*0.5 | G16: Koso Valve QAP appl (17/4 - 0.5d)
A17: B224-08 | B17: LLDPE | C17: MEIL | F17: =8*1 | G17: YIL - Shelters - Inlet Pump Skids Insp - 7/4 - (1d) | J17: Mr Nitin Deoras/ Maya Jagdev
A18: B224-09 | B18: PPU | C18: MEIL | F18: =8*2.5 | G18: Vertiv ACDB QAP-28/4 (0.5d);Motor- ABB Finland, Vertiv -ACDBs with Static switch - QAP appl - 4h; VSD- Hitachi,Korea; TPI doc. Rev. - 4hrs on 21 & 4h on 28/4 (1d);Schneider 6.6kV QAP appl -2/4-(0.5d) | J18: Mr Navneet Mann / Mr Rakesh Sharma /Mr S.K.Singh
A19: B224-10 | C19: MEIL | F19: 0
A20: B229 | B20: 3 | C20: =2*3+8 | E20: 0 | F20: =SUM(C20:E20) | G20: 1order FD f/up +2 OCS | J20: Patra/JPS Kalra/DK Kesri | Q20: 40 hrs relsd on 13/8/21; 16 hr to be relsd on 29/9;24 hrs relsd on 31/12;24h relsd on 8/2/22;24h relsd on 9/5/22'20h resld on 9/6/22;24h relsd on 15/7;228 consumed as on 1/8/22;20 h relsd on 2/8/22; 20h resld on 12/9/22;24h relsd on 3/10;10h rel on 9/12;28h rel on 9/1[345];48h rel on 14/3 for Jan/Feb [393];20h rel on 17/4[413];20h rel on 15/5[433];36h rel on 22/6[469];32h rel on 11/7[501];56 h sought for Jul(32)+Aug(24) on 28/8 - 32h of Jul rel. on 11/9[533];16h rel on 5/10[549];20h rel on 29/11[569];40h rel on 27/12[609];30h on 10/1[639];40h on 21/2[679];16h on 29/3[695];30h on 5/4[725];;16h rel on 16/5[741];-16h rel on 16/7[757]; 24 h rel on 12/10 but not utilised since Name appl. Not yet recd - to be c/f to Oct[765];10h rel on 10/12[775]; 100h rel on 23/1[883;8h rel on 6/3 [901]
A21: B269 | B21: 16 | C21: =2*16+4*2 | D21: =8*8 | E21: 0 | F21: =SUM(C21:E21) | G21: 11 running orders+ 3Orders FD sub expediting+2OCS; Critical Item Insp - YIL- RHCU FAT- 5d (28/4-2/5-(5d); FF Doc Rev/IRN endor - 26/4(1d);YIL -B269/1408 -Shelter-11/4(1d); Mtg with ABB at Office for review of orders - 10/4 (8h) | J21: Chandrashekhar/Rajesh Bhatla/Arun Singh Arya/Sanjay Chaudhary | N21: 0 | Q21: ;32h rel in place of 60h sought on 15/6[532];48h rel on 10/7 in pl. of 76 sought[580];36h (80 sought)rel on 8/8[640]; 49 h rel on ag. 88 sought on18/9 [689];96h rel on 4/10[785] ;42h rel on 29/11(for month of Oct)[827];30h rel on11/1 [857];80h rel on 18/1[937];40h rel on 19/2[977];24h rel against 50h sought on 13/3[1001];36h rel on 10/4[1037]-to be used in Apr since Mar TS already closed.;20mh rel on 2/7(for may)[1057];27h rel on 10/7[1084];40h rel on 9/8[1124]; 20h rel on 12/10[1174];48h rel on 30/12[1222];20mh rel on 8/1[1242];100h addl given on 20/1[1342];50h rel on 19/2[1392];30h rel on 19/3[1422];16mh rel on 17/4 [1438]
A22: B285 | J22: Sanjeev Kumar/Vikalp Paliwal
A23: B297 | B23: 7 | C23: =7*2+4 | D23: 8 | E23: 0 | F23: =SUM(C23:E23) | G23: Exp-6 ord-4 runn ord, 2-FD sub; 1OCS; Insp: B297/301 (4/4 - 1d) | J23: Chandrashekar/NS Vasudev/Manish Tiwari - GAIL Pata | N23: 10 | Q23: 24h allotted on 25/2/22;44 h allotted on 2/6/22(against 64 sought) - 60h bkd in Jun correspond to previous month; jun rel. not happened sought 88h for Jun/Jul [128 h as of 11/8/22]-80h issued on 22/8/22; 28h resld on 25/8; 232h as on 6/9/22;268 as on 28/10(32 h rel for Sep being util. in Oct);30mh rel on 11/11;40 h rel on 7/12(338 as on 7/12);40h issued on 11/1 [378];30mh issued in Feb 10h avl on 9/2[408];46h given on 9/3 in pl of 68 sought [454]; 100h rel on 6/6 for May'23[554];40 on 8/7 in pl. of 184 h sought[594];20h rel on 9/10- sep ts closed so used in Oct [614] 30h rel for Oct[644]; 32 h rel on 15/12 against 58 sought[676];24h rel on 12/3 ag. 58 sought[755];18h rel on 5/4[773];16h rel on 15/5[789];16h rel on 24/6 [805];32;8h rel on 11/3 [965]h rel on 12/7[837];24h rel on 12/8[861];20h rel on 10/9[881];16h rel on 14/10[897]; 24h rel on 19/11[921];16h rel on 10/12[937];20h rel on 13/1[957];8h rel on 17/3[965]
A24: B302 | B24: 4 | C24: =2*4+4*2 | D24: 0 | E24: 16 | F24: =SUM(C24:E24) | G24: 4 Running orders ; Shirdi Sai -Online mtg/QAP appls, KOM for Turnkey Inst. Job - YIL | J24: Suresh/D Jana(302-1)/Sivakumar(302-2)/Abhishek Rai/Balbir Singh (01-P/L & 02- COT) - pump order - 02; FOA also to incl. Unit no for correlation | Q24: 8hr allotted on 31/10/21;4h all. On 30/11;16h relsd on 6/2/22;56h relsd against B302-01 on 1/4/22;56h of Mar'22 of 02 unit relsd on 4/5/22;36h for Jul/Aug/Sep'23 relsd against B035 on 3/10;4h rel against B035 on 12/2;10h rel against B035 on 29/5[1523];106 mh rel against 6979 on 21/4 (for Jan/Feb/Mar) 6979-[202]
A25: B348 | B25: 14 | C25: =2*B25+2*2 | D25: 0 | E25: 0 | F25: =SUM(C25:E25) | G25: 12 Running orders +2 ord FD exp | J25: Himangshu/Sanjeev Kumar/Lavish/HarshVardhan | N25: 1 | Q25: Not listed as of 1/8/22- sought listing as well as issue of 12mh till Jul;4h to be rel on 28/9 (14h as on 14/11);8h rel on 3/4[32]; 10h rel on 10/4-to be used in Apr TS[42];10h rel on 8/7[52];16h rel on 29/8[68];16h rel on 14/10[84];12h rel on 25/11[96];16h rel on 30/12[112];7 h rel on 21/2[135];6 h rel on 5/4[141];21h rel on 15/4[162];22h rel on 4/7/25 for Apr & May [184]
A26: B378 | B26: 22 | C26: =2*B26+2*4 | D26: =8*10 | E26: =8*4 | F26: =SUM(C26:E26) | G26: 20 ord Expediting(incl 4ord FD sub exp)+ 2OCS; Inspn: YIL(706)-11/4(1d); (631)-27/4 (1d);Microfinish(611)-30/4 (1d);PO 569 - 23to25/4 (3d);Schneider -PO 725-22-25 (4d);Mtg. with YIL for resolving o/s Hold-ups in FAT & procurement resply;Meeting/rev. of Cryo Test procedure & expediting of o/s issues; Rev. Mtg. @ Kequip Global alongwith Client (28/4-1d);Mtg with ABB at Office for review of orders - 10/4 (8h) | J26: Chandrashekhar/Sumanta Mondal/Ajay Gupta/Rajeev Kr Khandelwal/Prakash Jagarwal/Deepak Dinkar -GAIL Usar | N26: 0 | Q26: 15h relsd on 8/6/22 - auth avl for BT/US;28 h bkd as on 1/8/22- so not asked for anything in Jul;28h rel on 30/8/22;40h rel on 27/9(116h);136 as on 28/10;40mh rel on 6/12(200 as on 6/12);70mh rel on 9/1/23(270 as on 10/1);70 h on 9/2[340];50h in place of 96 sought on 13/3[390];130mh rel on 10/4[520];80 h rel in place of 116 sought[600];bal 36h rel on 18/5 [636];70h rel against 108 sought on 8/6 [706];160h rel against 164 sought on 10/7[866];100h rel on 8/8 against 156 sought[966];60h rel ag.168h sought on 12/9 [1126];185 rel. on 5/10[1311];88h rel in Nov [1399];92h rel on 12/12[1491];130h rel on 5/1[1621]; 356h excess bkd in Dec[1977];114h rel on 2/2[2091]140h rel on 13/3[2231];120h rel on 5/4[2351];92h rel on 13/5;95h rel on 10/7[2598];100h rel on 9/8 [2698];130h rel on 9/9[2828];210 rel on 10/10[3038];140h rel on 13/11[3178]; 140 h rel on 26/12[3318];150h rel on 13/1[3468];100h rel on 21/1[3568];140h rel on 12/2[3708];150 mh rel on 17/3[3858];155 mh rel on 15/4[4009];160mh rel on 20/5[4168]
A27: B359 | D27: 0 | E27: 0 | F27: =SUM(C27:E27) | J27: Chandrashekhar/Sumanta Mondal/Abhishek/Sarvesh Kumar | Q27: 24h relsd on 30/3/22;24h relsd on 2/8/2216mh rel on 5/3/25[232]
A28: B414 | B28: 5 | C28: =2*B28+1*4 | D28: =8*6.5 | E28: 0 | F28: =SUM(C28:E28) | G28: 5 orders ( incl. 3Running orders & 1FD expediting& 1OCS); Insp: Schneider - Sw Bds - B414/55- 22-25/4 (4d);Pace process 5 QAP appls.-12,14/4 (1d), 27,28/4(1.5d); | J28: Himangshu Pal/ Shnaoli Nath | Q28: 96h issued on 6/7/23; B414- 200mh rel on 23/8/23 with time period upto Oct'23(though we had not sought any mh for Jul); [296] ason 13/3 - 133h avl as on 13/3;29h avl as on 8/4;29mh (earl avl) time ext. recd on 13/8/24);212 h rel on 14/10[518]
A29: B436 | B29: 1 | C29: 2 | D29: 0 | E29: 0 | F29: =SUM(C29:E29) | G29: SCADA order on ABB | J29: T Ravi/Sangram Mishra/NS Vasudev | P29: 10h rel on 22/5;26h rel on 12/10[38];12 mh rel on 20/5[50]
A30: B440 | B30: 15 | C30: =2*B30 + 1*4 | D30: =8*0.5 | E30: 0 | F30: =SUM(C30:E30) | G30: Desk expediting, QAP appl if SITP not avl,TPI IRN end.,OCS; 80 +80 Mandays(E+I);1 ord on 2L Eng. Recd on 3/4/23; 8h to be sought in May'23; 2 ord exp-8h for Jul'23; As per HO mail dt 11/9/23, MH are not being relsd & exp. Is being done by Pjts - Accordingly, we may not involve; Spl. reqts for IBA appd tptr & freight upto site. ; For Sep: 4ord exp + Rev & Comments on Technicas Insp. related issues - 27/10/23 ;For Nov: 4 ord exp(incl 1 OCS)+tech. clarification on Tech.Reuni Pkg ord; Dec: 6/12- Appl of WPS/PQR rev of TR pkg; ITP R4 reviewed on 16/1/24; WPS/PQR review/clarifications-12/2; IBR certification clarification-14/2; INSPECTION AND TEST PLAN FOR STRUCUTRUAL STEEL FABRICATION OF RADIANT, HEATER & APH - 03-FF-00-051 on 14/3; IRN rev & endors for Plates & Spares on 18 & 22/3(1d); Revised ICP sub on 19/4; ITP for Pr. Part Fabrication appd on 22/4; ITP for Return Bends-8/5;INSPECTION AND TEST PLAN FOR CASTST RETURN BENDS -app on 17/5, clarifications-29/5;Study & Clarification on IGC reqt-7/6;QAP appl of Exp. Joints & Tube seals(14/6); IL ord 48 0 not yet in EPS; Tech. clar. & doc. rev. of Tecnicas - VFDs TPI doc rev. on 13/8/24; MF EPCG license f/up; Doc rev. & IRN endors. of Centrifugally Cast Support on 13/9; Plantech - Line stop fittings/TOR fittings- Doc rev/IRN endors:Hydrocyclone QAP rev-1/10; TR/ABB-VFD Doc rev/IRN end: 16/10; BHEL/Tmeic VFD insp- 28,29/10;Nov: 16 ord (incl.4 FD expediting)+ Insp: TMeic (BHEL S/o)-Drives-8,18/11;Doc Rev/IRN endors: CGL Drives-19/11;Tecnicas/TLT -ID/FD Fans-20/11; Tecnicas/ABB-VFD-13/11; TR - Rev/IRN endors of Exp.Joints & Tube seals(17/12);12ord exp (incl 1 FD sub);Jan:25: 12ord exp (incl 1 FD sub);Feb25: 12 ord (incl 2 FD sub);Mar25:12 ord (incl 2 FD sub; KSBMIL - Rev. & IRN endorsement of 4 lots Control Valves; Apr25: 15ord( inc 2 ord FD sub+1OCS);PO131-rev/end of TPI recds - 4h | J30: Himangshu Pal/Sanjeev Kumar/Ayush Mathur/Shivaji/VVR Murthy | P30: 24h rel. on 5/10;4h rel on 29/2 [56]8h rel on 5/4[64];12h rel on 17/8[90];20h rel on 17/9[110];:16h rel on 10/10[127];18h rel pn 18/11[145]; 30h rel on 26/12[175];20h rel on 10/2[195] ; 35h rel on 21/4[230];15mh rel on 24/5[245]
A31: B448 | B31: 1 | C31: 0 | D31: =8*4 | E31: =8*0.5 | F31: =SUM(C31:E31) | G31: Insp. & exp. Of Direct ordered items; For LSTK, insp@ payment on manday item rate;resolution of queries on insp from bid till compln. Of pjt;expediting, if reqd. by Owner - Plant Automation tender on ABB - Plant Automation QAP rev. 28/4(0.5d); Inspn: Kalpataru/Schneider - 22-25/4 (4d); | J31: Himangshu Pal/Sanjeev Kumar/UK Mishra/NS Vasudev | Q31: 12 h issued on 11/1;4h rel on 11/3[22];8h rel on 6/4[30];20h rel on 11/5 [50];2h rel on 9/10 (sep ts closed so used in Oct)[56];2h rel on 10/4- to be used in Apr TS[56];18h rel on 22/5[74];4h rel on 1/7[78]; 16h rel on 27/8[110];8h rel on 4/3 [160];32h rel on 21/4[192];60h rel on 8/7[252]
A32: B519 | B32: 3 | C32: =2*B32+1*4 | D32: 0 | E32: 0 | F32: =SUM(C32:E32) | G32: As per Pjt Prof, desk expediting by HO team, unless specifically sought from RPO(critical items). -Insp.(within4 days of call) & FD cert. by us - OCS not applicable. Insp @MIL -PO6823- 22/11; Insp@MIL on 9/12; Mtg. with YIL to expedite Analyser order (being followed up by Client); Mar25: 4 ord expediting - Check OCS status of B519/6821-YIL - shown o/s in Consolidated EPS rept; Apr'25: 2 runn ord (FD exp)+1OCS | J32: Chandrashekhar/HarshVardan/Prakash Jagarwal/DSNMurty
A33: B560 | B33: 14 | C33: =2*B33 | E33: 8 | F33: =SUM(C33:E33) | G33: Req.from ED(I) for expediting on 15/6 - 14 orders (incl.3 FD exp & OCS for 7 earlier orders) & OCS also to be made as per latest reqt.; Rev. Mtg @ MF alongwith Client - 30/4(1d) | J33: Chandrashekhar/Vinod Kumar/RK Medhavi | P33: 100h rel on 23/4
A34: B548 | B34: 0 | C34: 0 | D34: 0 | E34: 0 | F34: =SUM(C34:E34) | G34: Alleima- Exchanger - Exp+QAP comments - ITP R1- rev-6/2; Control Panel ITP rev- 7/2; FAT of TCP rev-12/2; Mtg/communications for resolution of issue w.r.t Heating Element MOC - 6,9/2; Nov: 1 OCS + Insp. - Emerson S/o on Microfinish - 27/11 & 20/12 | J34: HP/Sanjeev Kr/T Ravi/NS Vasudev/Sanjeev Kr Gupta | P34: 8h all on 30/5;4h on 7/8[20];Dec/Jan/Feb-4h each[32];4h rel on 10/4- Mar TS closed- to be used in Apr[36];4h rel on 24/6[40];4h rel on 9/7[44];4h rel on 12/9[48];4h rel on 30/12[52];12h rel on 30/12[64]
A35: B589 | B35: 0 | C35: 0 | D35: 0 | E35: 0 | F35: 0 | G35: 1 Ord on FS - expediting FD | J35: Himangshu Pal/Sanjeev Kr/T Ravi/NS Vasudev/Sanjeev Kr Gupta | P35: 8h rel on 6/6;8h on 7/8[18];8in oct,8 in dec,4 in Jan[38];12 on 5/4[50];8h rel on 10/4-Mar TS closed - to be used in Apr.[58];8h rel on 24/6[64];8h rel on 17/8[78];8h rel on 5/9[86];8h rel on 11/9[94]
A36: B559 | B36: 4 | C36: =2*B36 | D36: 0 | E36: 0 | F36: =SUM(C36:E36) | G36: 4 orders expediting | J36: Sanjay Choudhary/SK Gayen/RK Gupta | P36: 86h rel on 13/3 [86];104h rel on 1/4[190]; 72 sought for Apr- 160 issued considering upcoming Chiller insp (88h extra avl. For May'24[350]-20h rel on 29/5[370];60mh rel on 1/7[386];20mh rel on 1/8[406];16h rel on 25/10[422]
A37: B650 | B37: 1 | C37: 2 | G37: No scope for RPO - however, OCS to be done | J37: Chandrashekhar
A38: B653 | B38: 14 | C38: =2*B38+1*4 | E38: 8 | F38: =SUM(C38:E38) | G38: Expediting by RPOs as per email dtd 22/10/24, OCS by RPO as per CS mail dt 17/1; (13 running ord+1OCS);Univ Insts -Rev. mtg & Show Cause Notice issue reco. -8h | J38: Sanjeev Kumar/Aasheesh Handa/Amandeep Kaur | P38: 40h rel on 9/4/24 [40]
A39: B725 | B39: 3 | D39: =8*0.5 | E39: 0 | F39: =SUM(C39:E39) | G39: No expediting; Flowserve-rev. of Test Repts -11/4(0.5d) | J39: Himangshu/Sanjeev Kumar- Scope: Rev. of ITP,Insp Docs & FD | P39: 4h sought by BT on 27/5 to Sanjeev Kr
A40: B795 | D40: 0 | F40: =SUM(C40:E40) | J40: G Suresh/Patra/Uday Pratap/Rajeev Chak/NS Vasudev | P40: 32h rels. On 12/9;64h on 16/1; addl 100h rel on 20/1 [276]
A41: B767 | D41: 0 | E41: 8 | F41: =SUM(C41:E41) | G41: Rev. of Methodology - 8h | J41: Himangshu Pal/Vikalp Paliwal/Balakumar | P41: 200 h rel on 8/8/23;20h bkd in Aug; Next tranche of 200h relsd on 10/1/24 (for period Dec to Feb'24)[400];Next tranche of 250h relsd on 9/7/24 (for period Dec'24)[650]-50h rel on 31/3 [700]
A42: B862 | J42: Himangshu Pal/Sanjeev Kumar/Rajeev Khandelwal IOM 10/7/24 from Mr Rajeev Khandelwal on level wise breakup of MH to be booked - to be followed while seeking MH. | M42: PLL
A43: B865 | G43: EIL-Inspection scope of work is limited to review & approval of QAP and providing dispatch clearance; Moreover, as per contract provision, HPCL may request for inspection by EIL as & when they found it necessary which will be over & above the TPIA inspection and manhours for same shall be reimbursed by HPCL for such shop visits - No expediting at RPO | J43: Avdesh Agrawal | M43: HPCL Petchem Mktg Terminal
A44: B903 | B44: 2 | C44: =2*2 | F44: =SUM(C44:E44) | J44: Sanjeev Kumar
A45: B904 | B45: 1 | C45: =2*1 | F45: =SUM(C45:E45) | J45: Sanjeev Kumar | O45: Proj. prof. n.avl.
A46: 7716 | D46: 0 | E46: =8*1.5 | F46: =SUM(C46:E46) | G46: Godrej/Climaveneta -VC on 7/4 (0.5d); Compliance review on 15 & 17/4 - (1d) | J46: Sanjeev Kumar/ Yatendra Agrawal - EIB Renovation | P46: 16h rel on 9/4 against Climaveneta order referred in 8590 above [28]
A47: 8518-02 | B47: 0 | C47: 0 | D47: 0 | F47: 200 | G47: Admin works,Insp Guidelines/Typ Test review/ITP revision(E&I ITPS)/Std. Spec review-mtgs with Inst. Engg. on Cryo Test Procedure & Flow Meter MR improvements,other miscellaneous works incl. Dept Mtg, Office enhancement efforts,Short Term Contracts, New Facility Mgmt Tender requirements freeze etc.,Mktg leads, Hosp Nomination; | J47: Tech Develop & OH | N47: 300 | Q47: 123h avl as on 27/6/22(2200 in 8518-02);300mh issued on 8/8/22 (tot. 2800mh/2521 consumed as of 8/8) - 2679 consumed as on 16/8- 121 hrs avl.[254h consumed in Jul'22]; 200h relsd on 6/9 in place of 300 sought (3000 as on 6/9/22);300 mh rel on 13/10 - 3300 as on 13/10;200h rel on 14/12[3500 as on 15/12];200h rel on 13/1/23[3800 as on 19/1/23] (176h avl. as on 19/1, after closure of Dec TS); 300mh rel on 20/2/23 against 8518-00 [15100-12657=2443mh];1836h rel on 18/3 -15998;for Apr MH, 418 mh rel on 4/6/24[15348];410 mh rel on 16/7[16408];60mh utilised in Sep [17331];417 mh rel. on 11/12 for Oct[17748];500mh rel on 17/1[18248];125 mh rel on 23/1[18373];316h rel on 4/3[18673];200h rel on 24/4[19398]
A48: 8590 | D48: 0 | F48: =SUM(C48:E48)
A49: 4994 | B49: 1 | E49: 0 | F49: =8*9 | G49: Enlistment:SBEE-16/4(16h); Fluidyne - 25/4(16h);Enh: 2L Engrs (29/4-16h);,Reval:ABB(29/4); Shifting of works +Revalidation: Godrej Bus Duct(30/4); Visit to Weir Min. on 16/4(1d) for potential enlistment | J49: Rajesh Sinha | N49: 0 | O49: 32 | P49: 0 | Q49: 32h relsd on 14/1;40h relsd on 18/2;96 hr relsd on 16/3/20;24h relsd on 23/6;16hr allotted on 23/9; 32h issued on 28/6;40mh rels on 25/11;48h relsd on 1/2/22;56h issued on 21/3/22;16h relsd on 2/5/22;32 h rel on 27/6;32h rel on 30/11;24h rel on 9/2;32h rel on 28/3;36h ;32h rel on 22/5[3998]on 1/5;48h rel on 31/5;64h rel on 27/6;64h rel on 27/7;28h rel on 11/9 against 32 sought;8mh of Sep rel on 16/10;[3844 upto 8/1]40h rel on 8/1;48h rel on 1/4[3976];32h rel on 22/5[4006];36h on 4/6[4042];48h rel on 29/10[4154];44h for Nov & Dec, rel. on 3/1/25[4198};24h rel on 10/2 [4222];- 16h rel on 22/4[4238];72h rel on 27/5[4310]
A50: Leave | B50: 9.5 | F50: =8*B50 | G50: VR:; AG:11(0.5),12(1d),22(1d);SV-3;US: ;BT-21-25 (5d);NV:1(1d) | O50: =F50-N50 | P50: 68
A51: 6979 | Q51: 60h rel on 14/10 against MH for Vert. B; 36h rel on 8/1 in lieu of B302 [96];in lieu of B302106 mh rel against 6979 on 21/4 (for Jan/Feb/Mar) 6979-[202]
A52: Total | B52: =SUM(B5:B50) | F52: =SUM(F5:F50) | O52: =F52-N52 | P52: =SUM(P5:P50) | Q52: =672-P52
A54: Notes:
A55: 1. If there are any other job nos., pl. include the same.
A56: Guidelines :
A57: 1. Inspection Visit including review and endorsement of final documents: At actual
A58: 2. Expediting and preparation of expediting report: Average 2 hours /month /order ( No separate man hours for coordination )
A59: 3. Expediting visit/ Attending meeting with project/.Client: At actual
A60: 4. Review of ITP for Bulk items under package order: Average 1 hour/ ITP ( No man hours for standard EIL ITP being used by the supplier/Contractor)
A61: 5. Review of ITP for Equipment (Mechanical and Electrical/DCS etc): Average 2 hours/order
A62: 6. Endorsement of IRN issued by the TPIA and issue of despatch Clearance on review of Inspection documents as per scope defined in project profile/original contract for Bulk items: 4 Hour/IRN of TPIA
A63: 7. Endorsement of IRN issued by the TPIA and issue of despatch Clearance on review of Inspection documents as per project profile/contract for Equipment like Column/ DCS/Compressor/Pumps etc: 8 Hours/IRN of TPIA
A64: 8. Order Closing report: Average 2 hours/Order

Sheet Apr25
A1: RPO : Bengaluru | D1: LOCATION CODE : 18-42-506 | H1: MONTH : Apr'25 | M1: Total MH reqd: | O1: =20*8*6
A2: Job No | B2: Number of Purchase Orders | C2: No of Engineers deployed | D2: No of Inspn / Expediting Visits | E2: No of Expediting Reports / Desk expediting | F2: No of OCRs | G2: Manhours for Inspection | H2: Manhours for expediting | I2: Others | J2: Total Manhours required | K2: Recd as on 03/06/25 | L2: Shortfall
A3: Holiday
A4: Leave | J4: =8*9.5 | K4: 76 | M4: VR:; AG:11(0.5),12(1d),22(1d);SV-3;US: ;BT-21-25 (5d);NV:1(1d)
A5: 8518 | J5: 200 | K5: 98 | L5: =J5-K5 | M5: Admin works,Insp Guidelines/Typ Test review/ITP revision(E&I ITPS)/Std. Spec review-mtgs with Inst. Engg. on Cryo Test Procedure & Flow Meter MR improvements,other miscellaneous works incl. Dept Mtg, Office enhancement efforts,Short Term Contracts, New Facility Mgmt Tender requirements freeze etc.,Mktg leads, Hosp Nomination;98h avl on 27/5 | V5: pending mh to be filled: | X5: MH avl
A6: 4994 | J6: 72 | K6: 72 | L6: =J6-K6 | M6: Enlistment:SBEE-16/4(16h); Fluidyne - 25/4(16h);Enh: 2L Engrs (29/4-16h);,Reval:ABB(29/4); Shifting of works +Revalidation: Godrej Bus Duct(30/4); Visit to Weir Min. on 16/4(1d) for potential enlistment;72h rel on 27/5[4310]
A7: 7716 | I7: 12 | J7: =SUM(G7:I7) | K7: 16 | L7: =J7-K7 | M7: Godrej/Climaveneta -VC on 7/4 (0.5d); Compliance review on 15 & 17/4 - (1d);16h rel on 9/4[28] - utilised in Mar'25
A8: 8590 (Training) | L8: =J8-K8
A9: B035 | H9: 8 | J9: =SUM(G9:I9) | L9: =J9-K9 | M9: Expediting - Greensol;
A10: B038 | F10: 1 | H10: 4 | J10: =SUM(G10:I10) | L10: =J10-K10 | M10: Apr- 2ord (incl 1OCS) -4h
A11: B058 | L11: =J11-K11 | M11: Insp of Drives @ Yaskawa a/c FL Smidth -5,6/2/25 + doc rev. 28/2 | V11: Viji | W11: 168
A12: B224 | G12: 40 | J12: =SUM(G12:I12) | L12: =J12-K12 | M12: 3 Insp Visits: Insp: L&T /YIL -Doc rev+IRN end-5/4(0.5d);Afcons/Emerson-UFM- Doc/Compliance rev - 2/4 (0.5d);YIL - Shelters - Inlet Pump Skids Insp - 7/4 - (1d) ; Amounting to -16h 5nos Doc Rev & Expediting:Koso Valve QAP appl (17/4 - 0.5d);Vertiv ACDB QAP-28/4 (0.5d);Motor- ABB Finland, Vertiv -ACDBs with Static switch - QAP appl - 4h; VSD- Hitachi,Korea; TPI doc. Rev. - 4hrs on 21 & 4h on 28/4 (1d);Schneider 6.6kV QAP appl -2/4-(0.5d); Amounting to 24h;
A13: B215 | L13: =J13-K13
A14: B229 | B14: 3 | F14: 2 | H14: 14 | J14: =SUM(G14:I14) | L14: =J14-K14 | M14: 1order FD f/up +2 OCS
A15: B269 | B15: 16 | F15: 2 | G15: 64 | H15: 40 | I15: 0 | J15: =SUM(G15:I15) | K15: 0 | L15: =J15-K15 | M15: 11 running orders+ 3Orders FD sub expediting+2OCS; Critical Item Insp - YIL- RHCU FAT- 5d (28/4-2/5-(5d); FF Doc Rev/IRN endor - 26/4(1d);YIL -B269/1408 -Shelter-11/4(1d); Mtg with ABB at Office for review of orders - 10/4 (8h) | V15: SV | W15: =21*8-4*8 | X15: =90+24+22 | Y15: b035+b436+B767
A16: B297 | B16: 6 | F16: 1 | G16: 8 | H16: 18 | J16: =SUM(G16:I16) | L16: =J16-K16 | M16: Exp-6 ord-4 runn ord, 2-FD sub; 1OCS; Insp: B297/301 (4/4 - 1d)
A17: B302 | B17: 4 | H17: 16 | I17: 16 | J17: =SUM(G17:I17) | L17: =J17-K17 | M17: 4 Running orders ; Shirdi Sai -Online mtg/QAP appls, KOM for Turnkey Inst. Job - YIL
A18: B348 | B18: 14 | H18: 32 | J18: =SUM(G18:I18) | K18: 22 | L18: =J18-K18 | M18: 12 Running orders +2 ord FD exp-22h rel on 4/7/25 for Apr & May [184]
A19: B378 | B19: 22 | F19: 2 | G19: 80 | H19: 52 | I19: 32 | J19: =SUM(G19:I19) | K19: 160 | L19: =J19-K19 | M19: 20 ord Expediting(incl 4ord FD sub exp)+ 2OCS; Inspn: YIL(706)-11/4(1d); (631)-27/4 (1d);Microfinish(611)-30/4 (1d);PO 569 - 23to25/4 (3d);Schneider -PO 725-22-25 (4d);Mtg. with YIL for resolving o/s Hold-ups in FAT & procurement resply;Meeting/rev. of Cryo Test procedure & expediting of o/s issues; Rev. Mtg. @ Kequip Global alongwith Client (28/4-1d);Mtg with ABB at Office for review of orders - 10/4 (8h); 160 mh rel on 20/5 | V19: NV | W19: =168-16 | X19: =30+2 | Y19: b414
A20: B414 | B20: 5 | F20: 1 | G20: 52 | H20: 14 | J20: =SUM(G20:I20) | L20: =J20-K20 | M20: 5 orders ( incl. 3Running orders & 1FD expediting& 1OCS); Insp: Schneider - Sw Bds - B414/55- 22-25/4 (4d);Pace process 5 QAP appls.-12,14/4 (1d), 27,28/4(1.5d); | V20: Shortage | W20: =168+152-32
A21: B436 | B21: 1 | H21: 2 | J21: =SUM(G21:I21) | K21: 12 | L21: =J21-K21 | M21: SCADA order on ABB-12mh rel on 20/5
A22: B440 | B22: 15 | F22: 1 | G22: 4 | H22: 34 | J22: =SUM(G22:I22) | K22: 15 | L22: =J22-K22 | M22: Apr25: 15ord( inc 2 ord FD sub+1OCS);PO131-rev/end of TPI recds - 4h;15h rel on 24/5
A23: B448 | B23: 1 | G23: 32 | I23: 4 | J23: =SUM(G23:I23) | K23: 60 | L23: =J23-K23 | M23: Plant Automation tender on ABB - Plant Automation QAP rev. 28/4(0.5d); Inspn: Kalpataru/Schneider - 22-25/4 (4d); 60h rel on 8/7[252]
A24: B519 | B24: 3 | F24: 1 | H24: 10 | J24: =SUM(G24:I24) | L24: =J24-K24 | M24: Apr'25: 2 runn ord (FD exp)+1OCS
A25: B548 | L25: =J25-K25 | X25: =122+168
A26: B560 | B26: 14 | H26: 28 | I26: 8 | J26: =SUM(G26:I26) | L26: =J26-K26 | M26: 14 orders (incl.3 FD exp & OCS for 7 earlier orders) & OCS also to be made as per latest reqt.; Rev. Mtg @ MF alongwith Client - 30/4(1d)
A27: B589 | L27: =J27-K27
A28: B559 | B28: 4 | H28: 8 | J28: =SUM(G28:I28) | K28: 1 | L28: =J28-K28 | M28: 4 orders expediting - 1h rel on 24/6
A29: B650 | L29: =J29-K29
A30: B653 | B30: 14 | H30: 32 | I30: 8 | J30: =SUM(G30:I30) | L30: =J30-K30 | M30: (13 running ord+1OCS);Univ Insts -Rev. mtg & Show Cause Notice issue reco. -8h
A31: 6979 | L31: =J31-K31 | M31: Being given in lieu of B302-40h given
A32: B725 | B32: 1 | H32: 4 | J32: =SUM(G32:I32) | L32: =J32-K32 | M32: Flowserve-rev. of Test Repts -11/4(0.5d)
A33: B767 | B33: 1 | I33: 8 | J33: =SUM(G33:I33) | L33: =J33-K33 | M33: Rev. of Methodology - 8h
A34: B795 | L34: =J34-K34 | M34: Essenar t/f QAP appl (9/3)
A35: B903 | B35: 2 | H35: 4 | J35: =SUM(G35:I35) | K35: 10 | L35: =J35-K35 | M35: 2 Orders -10h rel on 2/7[10]
A36: B904 | B36: 1 | H36: 2 | J36: =SUM(G36:I36) | K36: 4 | L36: =J36-K36 | M36: 1 Order -4h rel on 2/7[4]
A37: TOTAL | G37: =SUM(G4:G36) | H37: =SUM(H4:H36) | I37: =SUM(I4:I36) | J37: =SUM(J4:J36) | K37: =SUM(K4:K34) | L37: =J37-K37
A42: Guidelines :
A43: 1. Inspection Visit including review and endorsement of final documents: At actual
A44: 2. Expediting and preparation of expediting report: Average 2 hours /month /order ( No separate man hours for coordination )
A45: 3. Expediting visit/ Attending meeting with project/.Client: At actual
A46: 4. Review of ITP for Bulk items under package order: Average 1 hour/ ITP ( No man hours for standard EIL ITP being used by the supplier/Contractor)
A47: 5. Review of ITP for Equipment (Mechanical and Electrical/DCS etc): Average 2 hours/order
A48: 6. Endorsement of IRN issued by the TPIA and issue of despatch Clearance on review of Inspection documents as per scope defined in project profile/original contract for Bulk items: 4 Hour/IRN of TPIA
A49: 7. Endorsement of IRN issued by the TPIA and issue of despatch Clearance on review of Inspection documents as per project profile/contract for Equipment like Column/ DCS/Compressor/Pumps etc: 8 Hours/IRN of TPIA
A50: 8. Order Closing report: Average 2 hours/Order

Sheet ConsolidatedMHrequirementMay25
A1: Consolidated man hour requirement for May'25
A2: =(21*8*6)
A3: Job No | B3: No. of orders | C3: Exp. | D3: Inspn | E3: Others | F3: Total | G3: *Others/ Remarks | J3: Insp/ Project Coordinators | N3: MH available as on | O3: MH to be released for May'25 | P3: Allotted | Q3: 8518 reqd
A4: 4994 | B4: 3 | E4: =8*4 | F4: =SUM(C4:E4) | G4: Reval:Lighting Tech(2/5);Enl.:SBEE(7/5);Visit to CPRI for C&S type test & Interaction with Balaji Electro Controls for potential supplier (1d) | J4: Rajesh Sinha | N4: 0 | O4: 32 | P4: 0 | Q4: 32h relsd on 14/1;40h relsd on 18/2;96 hr relsd on 16/3/20;24h relsd on 23/6;16hr allotted on 23/9; 32h issued on 28/6;40mh rels on 25/11;48h relsd on 1/2/22;56h issued on 21/3/22;16h relsd on 2/5/22;32 h rel on 27/6;32h rel on 30/11;24h rel on 9/2;32h rel on 28/3;36h ;32h rel on 22/5[3998]on 1/5;48h rel on 31/5;64h rel on 27/6;64h rel on 27/7;28h rel on 11/9 against 32 sought;8mh of Sep rel on 16/10;[3844 upto 8/1]40h rel on 8/1;48h rel on 1/4[3976];32h rel on 22/5[4006];36h on 4/6[4042];48h rel on 29/10[4154];44h for Nov & Dec, rel. on 3/1/25[4198};24h rel on 10/2 [4222];- 16h rel on 22/4[4238];72h rel on 27/5[4310];32h rel on 25/6[4342]
A5: 6979 | F5: 0 | Q5: 60h rel on 14/10 against MH for Vert. B; 36h rel on 8/1 in lieu of B302 [96];in lieu of B302106 mh rel against 6979 on 21/4 (for Jan/Feb/Mar) 6979-[202]
A6: 7716 | D6: 0 | E6: =8*0 | F6: =SUM(C6:E6) | J6: Sanjeev Kumar/ Yatendra Agrawal - EIB Renovation | P6: 16h rel on 9/4 against Climaveneta order referred in 8590 above [28]
A7: 8518 | B7: 0 | C7: 0 | D7: 0 | F7: 200 | G7: Admin works,Insp Guidelines/Typ Test review/ITP revision(E&I ITPS)/Std. Spec review-mtgs with Inst. Engg. on Cryo Test Procedure & Flow Meter MR improvements,other miscellaneous works incl. Dept Mtg, Office enhancement efforts,Short Term Contracts, New Facility Mgmt Tender requirements freeze etc.,Mktg leads, Hosp Nomination;ITP for Aircooled Exchangers & Wiremesh Demister-12/5,Heat Exch &Columns-13/5+3 ITPs for Vessels/Columns/Reactors (30/5) | J7: Tech Develop & OH | N7: 300 | Q7: 123h avl as on 27/6/22(2200 in 8518-02);300mh issued on 8/8/22 (tot. 2800mh/2521 consumed as of 8/8) - 2679 consumed as on 16/8- 121 hrs avl.[254h consumed in Jul'22]; 200h relsd on 6/9 in place of 300 sought (3000 as on 6/9/22);300 mh rel on 13/10 - 3300 as on 13/10;200h rel on 14/12[3500 as on 15/12];200h rel on 13/1/23[3800 as on 19/1/23] (176h avl. as on 19/1, after closure of Dec TS); 300mh rel on 20/2/23 against 8518-00 [15100-12657=2443mh];1836h rel on 18/3 -15998;for Apr MH, 418 mh rel on 4/6/24[15348];410 mh rel on 16/7[16408];60mh utilised in Sep [17331];417 mh rel. on 11/12 for Oct[17748];500mh rel on 17/1[18248];125 mh rel on 23/1[18373];316h rel on 4/3[18673];200h rel on 24/4[19398]
A8: 8590 | D8: 0 | F8: =SUM(C8:E8)
A9: B016 | B9: 0 | C9: 0 | E9: 0 | F9: 0 | J9: Uday Pratap Singh/Pankaj Saxena/Alok Singh | Q9: 10h issued on 2/5[1714];16h rel on 2/7[1722];8h rel on 12/9[1730] for VFD
A10: B035 | B10: 1 | C10: =1*8 | D10: 0 | E10: 0 | F10: =C10+D10+E10 | G10: Expediting - Greensol; | J10: Saeed Akhtar/ D Jana | N10: 0 | O10: =F10-N10 | Q10: 47 hr avl on 19/7;64 h already bkd in jul; 28 hrs relsd on 16/11;24h relsd on 18/12;24h relsd on 14/1;32h issued-RAM val extn for YVT reqd;16 h on 16/3/20;16h relsd on 23/6/20; J/F/M request:80/40/40; 96 hrs given on 4/2/21'40h on 30/3/21;16h allotted on 28/6;40h relsd on 25/8;24h relsd on 26/10;32h relsd on25/11;24 h rel. in Dec;24h rel on 3/2/22;8h relsd on 1/8/22;8h relsd on 29/8;32h rel on 27/9;8h rel on 10/1[1249];8h on 9/2[1257];8h on 1/5[1275];8h on 31/5[1283];8h on 28/7[1291];8 h on 15/9[1307];8 h on 26/9[1315];32h rel on 1/12[1407;32h rel on 8/1[1471]; 8h+ 4h(B302) rel on 12/2[1483];8h +6h(B302) rel on 11/3[1497];8h rel on 1/4[1505];8h rel on 13/5[1513];16h for May & Jun rel on 1/7[1539];8h rel on 9/8[1555] 90h rel on 12/10 [1645]-10h bal c/f to Oct;8h rel on 28/2[1653]
A11: B038 | B11: 1 | C11: =2*B11 | D11: 0 | E11: 0 | F11: =C11+D11+E11 | G11: Expediting/fin.doc subm followup & OCS prep(16 nos) - 24h sought for Time ex.of YIL & other activities of past for CPCL on 22/12/21 - 16h relsd on 31/12/21; 1 Ord on FS recd in Oct-4h rel on 28/10; 8h sought on 5/12; Dec: 2 OCS +5 run. Ord. expediting - 28h sought (8h rel); Jan: 5 run ord +2 FD exp,Sandvik Mtgs - 36h sought - 12h rel [32];FEb- 20h sought-none relsd; Mar:32h sought- 16h issued; Meeting at Sandvik on 11/4/23 with MRPL; Apr:5 running orders+3FD expediting(32h)- total:40h sought - May: Alliema VC on 16/5/23;5 running orders+3FD expediting(32h)- 40h sought; 6r orders+2 OCS+Alliema expediting - 40h sought in Jun-16 relsd.[120];40 sought in Jul(8 ord+Alleima- exp incl. mtg on 26/7)); 36h sought in Aug- incl.7 orders(4 running) & Alleima Expediting [64 h sought on 28/8 incl. 28h short of Jul]; [20 h relsd [168] ;6 orders expediting- 24h;6 orders expediting;1 OCS on 12/9;Alleima expediting including visits to Hosur works on 1 & 7/9;Oct: 1 OCS done(704), 5 orders expediting- sought 24h;Nov: 7ord exp- 14hrs sought; Dec: 7 order expediting - 14h +4h- mtg with Head of Swims& IL for urgent intervention; Jan:7 ord exp - 14h(not rel); Feb:2Runn ord exp +1OCS+4FD exp; Mar: 2 Runn ord+3FDsub exp+1 OCS; Mtg with YIL on 7/3/24 for Turnkey Instn Job;Apr: 1 Rord;3 FD exp+1OCS;mtg with YIL -29/4; May: 2 FD exp+1OCS+ 1Rord Exp -8h;Jun: 1FD exp+1OCS+1Rord Exp-6h; Jul: 1ord fd exp; 1ord- YIL - excl.exp. with mtgs & daily f/ups; Aug- 2 ord - 4h; Sep-2 ord FD - 4h; Oct-2ord FD-4h ;Nov-2ord FD-4h;Dec-2ord FD-4h;Jan,Feb,Mar-2ord FD-4h; Apr- 2ord (incl 1OCS) -4h;May-1ord FD exp. | J11: Himanghsu Pal/Sanjeev Kumar/Aasheesh Handa | N11: 0 | O11: =F11-N11 | Q11: 60 hr allocated on 22/2/19 (first time); 140 hrs allotted on 26/4/19; 200h relsd on 7/8/19; 40 hrs relsd on 5/11/19;50 hrs relsd on 13/1/20;40 hr relsd on 20/2;;Bal. MH reqd from May'20 till completion of activities: 8 orders - 3 orders can get completed by Jul'20; bal 5 orders will go upto Sept- so Exp:3*3*4+5*5*4=136hrs;FD/OCS-29 orders -29*4*3=348 - So total - 484 mh; 16 hrs avl as on 27/5/20; 20 hrs avl. as on 20/8- RAM auth to be chkd;130h allotted on 29/9 - till end of pjt -brk up 40(sep),40(oct),50(Nov);16h relsd on 31/12/21;8h rel on 12/12; 8h rel on 6/1/23;12mh rel on 17/2 against 36 sought[32] b038-02;16h ag.20hsought on 27/2[48]; 16h rel on 6/4 against 20 sought[64];22h given against 40 sought on 15/5/23 [88];16h given in place of 40 on 19/6[104];12h (in place of 40h) rel on 8/8[132];28h rel on 7/9[160];16h rel on 9/10-sep ts closed - so used for Oct[184];26h rel on 18/12[210];10h on 11/1[220];7h rel on 4/3/24[234];16h rel for Mar [250];;8h on 4/6[270]8h rel on 4/8[278]
A12: B058 | B12: 1 | C12: 0 | F12: 0 | J12: Patra/Sanjay Dhuria | Q12: 8h rel on 1/8
A13: B224 | B13: 1 | F13: =8*9.5 | G13: Tecnip/Micon -insp- 22/5(1d);L&T/YIL-Wireless Insts- 30/5(1d);L&T/YIL Moist Anal Rev/IRN end.- 1/5 (0.5d);JSW-Rev/IRN end of Elec Pkg-6/5 (1d);MEIL-SRU/Cords&KEC QAP rev -8/5(0.5d);Megha/PPU-All elec. Items TPI IRN rev-6/5(1d);Meil-SRU- Mass FM,Mag FM -QAP rev-21/5(1d);Meil/SRU/Nexon Cable QAP rev-27/5(0.5d);MEIL/SRU-PRV QAP-19/5(0.5d);Meil/SRU/Chabi-QAP-27/5(0.5d); | J13: Mr Dipak Panchal / Mr Sunil Saurabh/ Mr R.K.Mohabe/Neena Mukherjee | N13: 0 | O13: 56 | Q13: 20 hrs issued on 9/20- addl 48 hrs provided on 18/11/20;48h recd on 8/1/21;64 mh against B224-05 recd on 14/5/21;56 h on 1/6/21;140h relsd on 6/12/21;190h relsd on 28/12/21;112h relsd on 2/2/22;64h relsd on 28/2/22;216h relsd on 28/3/22;88h relsd on 4/5/22;80h relsd on 29/6/22;80h relsd on 1/8/22;316h against all units relsd on 28/9 in unit 00; 114h relsd on 3/11/22; 120 h relsd on 4/12 against req. of 212h(804 in Unit 00 as on 6/12); 300 rel. on 6/1 in place of 388 sought [1104];172h rel on 172 on 16/2[1276];256h rel on 7/3[1532];300h (against 360 sought) rel on 5/4[1832];304h rel on 12/5[2136];300mh rel on 31/5 against 408 sought [2436]; 200h rel on 9/8 (264 sought)[3039]; 440h sought on 28/8 & resld on 11/9; 372h sought on 26/9- relsd on 4/10; 301 hr rel. for Nov & Dec against 480 sought on 8/1/24[4482];240mh issued on22/2 (against 252 sought) [4735];150h rel on 1/4 for feb & 150h rel on 6/4 for mar[5035];96h rel on 21/5[5131];96h rel on 2/7/24 (for May'24)[5227];272h rel on 16/7[5499]; 40h rel on 12/10[5635];90h rel on 10/1[5720];100h rel on 20/1[5820];21h rel on 10/2[5841];307h rel for Jan-Mar on 24/4
A14: B229 | B14: 0 | C14: =2*B14 | E14: 0 | F14: =SUM(C14:E14) | J14: Patra/JPS Kalra/DK Kesri | Q14: 40 hrs relsd on 13/8/21; 16 hr to be relsd on 29/9;24 hrs relsd on 31/12;24h relsd on 8/2/22;24h relsd on 9/5/22'20h resld on 9/6/22;24h relsd on 15/7;228 consumed as on 1/8/22;20 h relsd on 2/8/22; 20h resld on 12/9/22;24h relsd on 3/10;10h rel on 9/12;28h rel on 9/1[345];48h rel on 14/3 for Jan/Feb [393];20h rel on 17/4[413];20h rel on 15/5[433];36h rel on 22/6[469];32h rel on 11/7[501];56 h sought for Jul(32)+Aug(24) on 28/8 - 32h of Jul rel. on 11/9[533];16h rel on 5/10[549];20h rel on 29/11[569];40h rel on 27/12[609];30h on 10/1[639];40h on 21/2[679];16h on 29/3[695];30h on 5/4[725];;16h rel on 16/5[741];-16h rel on 16/7[757]; 24 h rel on 12/10 but not utilised since Name appl. Not yet recd - to be c/f to Oct[765];10h rel on 10/12[775]; 100h rel on 23/1[883;8h rel on 6/3 [901]
A15: B269 | B15: 17 | C15: =2*B15+4*2 | D15: =8*6.5 | E15: =8*3 | F15: =SUM(C15:E15) | G15: 12 running orders+ 4Orders FD sub expediting+1OCS; Critical Item Insp - YIL- RHCU FAT- 5d (28/4-2/5-(5d); BDK visit- 21-23/5(3d)-posting for expediting rectification/replacement of valves recd.frm site;YIL-1415- RHCU FAT compl- 29/5(1d);Cables Rev/IRN endor - 28/5(0.5d);For Apr+May-38mh rel on 19/6 (against 104+118=222h sought)[1476];Another 100mh rel on 20/6[1576] | J15: Chandrashekhar/Rajesh Bhatla/Arun Singh Arya/Sanjay Chaudhary | N15: 0 | Q15: ;32h rel in place of 60h sought on 15/6[532];48h rel on 10/7 in pl. of 76 sought[580];36h (80 sought)rel on 8/8[640]; 49 h rel on ag. 88 sought on18/9 [689];96h rel on 4/10[785] ;42h rel on 29/11(for month of Oct)[827];30h rel on11/1 [857];80h rel on 18/1[937];40h rel on 19/2[977];24h rel against 50h sought on 13/3[1001];36h rel on 10/4[1037]-to be used in Apr since Mar TS already closed.;20mh rel on 2/7(for may)[1057];27h rel on 10/7[1084];40h rel on 9/8[1124]; 20h rel on 12/10[1174];48h rel on 30/12[1222];20mh rel on 8/1[1242];100h addl given on 20/1[1342];50h rel on 19/2[1392];30h rel on 19/3[1422];16mh rel on 17/4 [1438];For Apr+May-38mh rel on 19/6 (against 104+118=222h sought)[1476]
A16: B285 | F16: 0 | J16: Sanjeev Kumar/Vikalp Paliwal
A17: B297 | B17: 6 | C17: =7*2+4 | D17: 8 | E17: 0 | F17: =SUM(C17:E17) | G17: Exp-6 ord-4 runn ord, 2-FD sub exp; Insp: B297/308 (23/5 - 1d) | J17: Chandrashekar/NS Vasudev/Manish Tiwari - GAIL Pata | N17: 10 | Q17: 24h allotted on 25/2/22;44 h allotted on 2/6/22(against 64 sought) - 60h bkd in Jun correspond to previous month; jun rel. not happened sought 88h for Jun/Jul [128 h as of 11/8/22]-80h issued on 22/8/22; 28h resld on 25/8; 232h as on 6/9/22;268 as on 28/10(32 h rel for Sep being util. in Oct);30mh rel on 11/11;40 h rel on 7/12(338 as on 7/12);40h issued on 11/1 [378];30mh issued in Feb 10h avl on 9/2[408];46h given on 9/3 in pl of 68 sought [454]; 100h rel on 6/6 for May'23[554];40 on 8/7 in pl. of 184 h sought[594];20h rel on 9/10- sep ts closed so used in Oct [614] 30h rel for Oct[644]; 32 h rel on 15/12 against 58 sought[676];24h rel on 12/3 ag. 58 sought[755];18h rel on 5/4[773];16h rel on 15/5[789];16h rel on 24/6 [805];32;8h rel on 11/3 [965]h rel on 12/7[837];24h rel on 12/8[861];20h rel on 10/9[881];16h rel on 14/10[897]; 24h rel on 19/11[921];16h rel on 10/12[937];20h rel on 13/1[957];8h rel on 17/3[965]
A18: B302 | B18: 4 | C18: =2*4+4*2 | D18: =8*6 | E18: 16 | F18: =SUM(C18:E18) | G18: 4 Running orders ; 8731-KEPL/TMEIC-Drives insp- 22-27/5 (5d);2162-KSBMIL-26/5(1d);Shirdi Sai -Online mtg/clarifications | J18: Suresh/D Jana(302-1)/Sivakumar(302-2)/Abhishek Rai/Balbir Singh (01-P/L & 02- COT) - pump order - 02; FOA also to incl. Unit no for correlation | Q18: 8hr allotted on 31/10/21;4h all. On 30/11;16h relsd on 6/2/22;56h relsd against B302-01 on 1/4/22;56h of Mar'22 of 02 unit relsd on 4/5/22;36h for Jul/Aug/Sep'23 relsd against B035 on 3/10;4h rel against B035 on 12/2;10h rel against B035 on 29/5[1523];106 mh rel against 6979 on 21/4 (for Jan/Feb/Mar) 6979-[202]
A19: B348 | B19: 15 | C19: =2*B19+2*2 | D19: 0 | E19: 0 | F19: =SUM(C19:E19) | G19: 13 Running orders +2OCS | J19: Himangshu/Sanjeev Kumar/Lavish/HarshVardhan | N19: 1 | Q19: Not listed as of 1/8/22- sought listing as well as issue of 12mh till Jul;4h to be rel on 28/9 (14h as on 14/11);8h rel on 3/4[32]; 10h rel on 10/4-to be used in Apr TS[42];10h rel on 8/7[52];16h rel on 29/8[68];16h rel on 14/10[84];12h rel on 25/11[96];16h rel on 30/12[112];7 h rel on 21/2[135];6 h rel on 5/4[141];21h rel on 15/4[162];22h rel on 4/7/25 for Apr & May [184]
A20: B359 | D20: 0 | E20: 0 | F20: =SUM(C20:E20) | J20: Chandrashekhar/Sumanta Mondal/Abhishek/Sarvesh Kumar | Q20: 24h relsd on 30/3/22;24h relsd on 2/8/2216mh rel on 5/3/25[232]
A21: B378 | B21: 20 | C21: =2*B21+2*4 | D21: =8*13.5 | E21: =8*3 | F21: =SUM(C21:E21) | G21: 20 ord Expediting(incl 7ord FD sub exp); Inspn: YIL(639-U&O/PP FAT))-2,30/5(2d); (706-Rev/IRN end)-3/5(.5d);ABB(569)-29/5(1d);Schneider -PO 725-7-9,28-30,Rev:26/5 (6.5d);Paramount/C&S-8,9,15,16/5(4d);Mtg. with YIL for resolving o/s Hold-ups in FAT & procurement resply;Meeting/rev. of Cryo Test procedure & expediting of o/s issues; Rev. Mtg. @ YIL alongwith Client -9,15,30/5-(2d); | J21: Chandrashekhar/Sumanta Mondal/Ajay Gupta/Rajeev Kr Khandelwal/Prakash Jagarwal/Deepak Dinkar -GAIL Usar | N21: 0 | Q21: 15h relsd on 8/6/22 - auth avl for BT/US;28 h bkd as on 1/8/22- so not asked for anything in Jul;28h rel on 30/8/22;40h rel on 27/9(116h);136 as on 28/10;40mh rel on 6/12(200 as on 6/12);70mh rel on 9/1/23(270 as on 10/1);70 h on 9/2[340];50h in place of 96 sought on 13/3[390];130mh rel on 10/4[520];80 h rel in place of 116 sought[600];bal 36h rel on 18/5 [636];70h rel against 108 sought on 8/6 [706];160h rel against 164 sought on 10/7[866];100h rel on 8/8 against 156 sought[966];60h rel ag.168h sought on 12/9 [1126];185 rel. on 5/10[1311];88h rel in Nov [1399];92h rel on 12/12[1491];130h rel on 5/1[1621]; 356h excess bkd in Dec[1977];114h rel on 2/2[2091]140h rel on 13/3[2231];120h rel on 5/4[2351];92h rel on 13/5;95h rel on 10/7[2598];100h rel on 9/8 [2698];130h rel on 9/9[2828];210 rel on 10/10[3038];140h rel on 13/11[3178]; 140 h rel on 26/12[3318];150h rel on 13/1[3468];100h rel on 21/1[3568];140h rel on 12/2[3708];150 mh rel on 17/3[3858];155 mh rel on 15/4[4009];160h rel on 20/5; 160h rel on 16/6[4328]
A22: B414 | B22: 4 | C22: =2*B22+1*4 | D22: =8*5 | E22: 0 | F22: =SUM(C22:E22) | G22: 4 orders ( incl. 3Running orders & 1FD expediting); Insp: Schneider - Sw Bds - B414/55- 7-9,29,Rev:26/5 (4.5d);Pace process/Schneider QAP appls.-27/5(0.5d); | J22: Himangshu Pal/ Shnaoli Nath | Q22: 96h issued on 6/7/23; B414- 200mh rel on 23/8/23 with time period upto Oct'23(though we had not sought any mh for Jul); [296] ason 13/3 - 133h avl as on 13/3;29h avl as on 8/4;29mh (earl avl) time ext. recd on 13/8/24);212 h rel on 14/10[518]
A23: B436 | B23: 1 | C23: 2 | D23: 0 | E23: 0 | F23: =SUM(C23:E23) | G23: SCADA order on ABB | J23: T Ravi/Sangram Mishra/NS Vasudev | P23: 10h rel on 22/5;26h rel on 12/10[38]
A24: B440 | B24: 16 | C24: =2*B24 + 1*4 | D24: 0 | E24: 0 | F24: =SUM(C24:E24) | G24: Desk expediting, QAP appl if SITP not avl,TPI IRN end.,OCS; 80 +80 Mandays(E+I);1 ord on 2L Eng. Recd on 3/4/23; 8h to be sought in May'23; 2 ord exp-8h for Jul'23; As per HO mail dt 11/9/23, MH are not being relsd & exp. Is being done by Pjts - Accordingly, we may not involve; Spl. reqts for IBA appd tptr & freight upto site. ; For Sep: 4ord exp + Rev & Comments on Technicas Insp. related issues - 27/10/23 ;For Nov: 4 ord exp(incl 1 OCS)+tech. clarification on Tech.Reuni Pkg ord; Dec: 6/12- Appl of WPS/PQR rev of TR pkg; ITP R4 reviewed on 16/1/24; WPS/PQR review/clarifications-12/2; IBR certification clarification-14/2; INSPECTION AND TEST PLAN FOR STRUCUTRUAL STEEL FABRICATION OF RADIANT, HEATER & APH - 03-FF-00-051 on 14/3; IRN rev & endors for Plates & Spares on 18 & 22/3(1d); Revised ICP sub on 19/4; ITP for Pr. Part Fabrication appd on 22/4; ITP for Return Bends-8/5;INSPECTION AND TEST PLAN FOR CASTST RETURN BENDS -app on 17/5, clarifications-29/5;Study & Clarification on IGC reqt-7/6;QAP appl of Exp. Joints & Tube seals(14/6); IL ord 48 0 not yet in EPS; Tech. clar. & doc. rev. of Tecnicas - VFDs TPI doc rev. on 13/8/24; MF EPCG license f/up; Doc rev. & IRN endors. of Centrifugally Cast Support on 13/9; Plantech - Line stop fittings/TOR fittings- Doc rev/IRN endors:Hydrocyclone QAP rev-1/10; TR/ABB-VFD Doc rev/IRN end: 16/10; BHEL/Tmeic VFD insp- 28,29/10;Nov: 16 ord (incl.4 FD expediting)+ Insp: TMeic (BHEL S/o)-Drives-8,18/11;Doc Rev/IRN endors: CGL Drives-19/11;Tecnicas/TLT -ID/FD Fans-20/11; Tecnicas/ABB-VFD-13/11; TR - Rev/IRN endors of Exp.Joints & Tube seals(17/12);12ord exp (incl 1 FD sub);Jan:25: 12ord exp (incl 1 FD sub);Feb25: 12 ord (incl 2 FD sub);Mar25:12 ord (incl 2 FD sub; KSBMIL - Rev. & IRN endorsement of 4 lots Control Valves; Apr25: 15ord( inc 2 ord FD sub+1OCS);PO131-rev/end of TPI recds - 4h; May'25: 16ord(incl.1ord FD sub & 1OCS); | J24: Himangshu Pal/Sanjeev Kumar/Ayush Mathur/Shivaji/VVR Murthy | P24: 24h rel. on 5/10;4h rel on 29/2 [56]8h rel on 5/4[64];12h rel on 17/8[90];20h rel on 17/9[110];:16h rel on 10/10[127];18h rel pn 18/11[145]; 30h rel on 26/12[175];20h rel on 10/2[195] ; 35h rel on 21/4[230];15 h rel on 24/5[245]; 15 rel on 16/6[260]
A25: B448 | B25: 1 | C25: 0 | D25: =8*6 | E25: 0 | F25: =SUM(C25:E25) | G25: Insp. & exp. Of Direct ordered items; For LSTK, insp@ payment on manday item rate;resolution of queries on insp from bid till compln. Of pjt;expediting, if reqd. by Owner - Plant Automation tender on ABB - Plant Automation FAT-20-23, 28/5(5.5d); Valves- QAP rev. 15/5(0.5d) | J25: Himangshu Pal/Sanjeev Kumar/UK Mishra/NS Vasudev | Q25: 12 h issued on 11/1;4h rel on 11/3[22];8h rel on 6/4[30];20h rel on 11/5 [50];2h rel on 9/10 (sep ts closed so used in Oct)[56];2h rel on 10/4- to be used in Apr TS[56];18h rel on 22/5[74];4h rel on 1/7[78]; 16h rel on 27/8[110];8h rel on 4/3 [160];32h rel on 21/4[192];60h rel on 8/7[252]
A26: B519 | B26: 3 | C26: =2*B26+1*4 | D26: 0 | E26: 0 | F26: =SUM(C26:E26) | G26: As per Pjt Prof, desk expediting by HO team, unless specifically sought from RPO(critical items). -Insp.(within4 days of call) & FD cert. by us - OCS not applicable. Insp @MIL -PO6823- 22/11; Insp@MIL on 9/12; Mtg. with YIL to expedite Analyser order (being followed up by Client); Mar25: 4 ord expediting - Check OCS status of B519/6821-YIL - shown o/s in Consolidated EPS rept; Apr'25: 2 runn ord (FD exp)+1OCS | J26: Chandrashekhar/HarshVardan/Prakash Jagarwal/DSNMurty
A27: B548 | B27: 0 | C27: 0 | D27: 0 | E27: 0 | F27: =SUM(C27:E27) | G27: Alleima- Exchanger - Exp+QAP comments - ITP R1- rev-6/2; Control Panel ITP rev- 7/2; FAT of TCP rev-12/2; Mtg/communications for resolution of issue w.r.t Heating Element MOC - 6,9/2; Nov: 1 OCS + Insp. - Emerson S/o on Microfinish - 27/11 & 20/12 | J27: HP/Sanjeev Kr/T Ravi/NS Vasudev/Sanjeev Kr Gupta | P27: 8h all on 30/5;4h on 7/8[20];Dec/Jan/Feb-4h each[32];4h rel on 10/4- Mar TS closed- to be used in Apr[36];4h rel on 24/6[40];4h rel on 9/7[44];4h rel on 12/9[48];4h rel on 30/12[52];12h rel on 30/12[64]
A28: B559 | B28: 5 | C28: =2*B28 | D28: 0 | E28: 0 | F28: =SUM(C28:E28) | G28: IOCL Biturox,Vad-Proj. Prof. uploaded on 20/3- Desk Expediting - NO OCS; 4 orders expediting | J28: Sanjay Choudhary/SK Gayen/RK Gupta | P28: 86h rel on 13/3 [86];104h rel on 1/4[190]; 72 sought for Apr- 160 issued considering upcoming Chiller insp (88h extra avl. For May'24[350]-20h rel on 29/5[370];60mh rel on 1/7[386];20mh rel on 1/8[406];16h rel on 25/10[422];1h rel on 24/6 in B559-01[1]
A29: B560 | B29: 13 | C29: =2*B29 | E29: 0 | F29: =SUM(C29:E29) | G29: Req.from ED(I) for expediting on 15/6 - 13 orders (incl.9FD exp & 1 OCS) & OCS also to be made as per latest reqt.; | J29: Chandrashekhar/Vinod Kumar/RK Medhavi | P29: 100h rel on 23/4
A30: B589 | B30: 0 | C30: 0 | D30: 0 | E30: 0 | F30: 0 | J30: Himangshu Pal/Sanjeev Kr/T Ravi/NS Vasudev/Sanjeev Kr Gupta | P30: 8h rel on 6/6;8h on 7/8[18];8in oct,8 in dec,4 in Jan[38];12 on 5/4[50];8h rel on 10/4-Mar TS closed - to be used in Apr.[58];8h rel on 24/6[64];8h rel on 17/8[78];8h rel on 5/9[86];8h rel on 11/9[94]
A31: B650 | B31: 1 | C31: 2 | F31: 0 | G31: No scope for RPO - however, OCS to be done | J31: Sanjay Choudhary/Siddant Kumar
A32: B653 | B32: 14 | C32: =2*B32+1*4 | E32: 8 | F32: =SUM(C32:E32) | G32: Expediting by RPOs as per email dtd 22/10/24, OCS by RPO as per CS mail dt 17/1; (13 running ord+1OCS);Univ Insts -Rev. mtg & Show Cause Notice issue reco. -8h | J32: Sanjeev Kumar/Aasheesh Handa/Amandeep Kaur | P32: 40h rel on 9/4/24 [40]
A33: B725 | B33: 3 | D33: 0 | E33: 0 | F33: =SUM(C33:E33) | G33: No expediting; | J33: Himangshu/Sanjeev Kumar- Scope: Rev. of ITP,Insp Docs & FD | P33: 4h sought by BT on 27/5 to Sanjeev Kr
A34: B767 | D34: 0 | E34: 0 | F34: =SUM(C34:E34) | J34: Himangshu Pal/Vikalp Paliwal/Balakumar | P34: 200 h rel on 8/8/23;20h bkd in Aug; Next tranche of 200h relsd on 10/1/24 (for period Dec to Feb'24)[400];Next tranche of 250h relsd on 9/7/24 (for period Dec'24)[650]-50h rel on 31/3 [700]
A35: B795 | D35: 0 | F35: =SUM(C35:E35) | J35: G Suresh/Patra/Uday Pratap/Rajeev Chak/NS Vasudev | P35: 32h rels. On 12/9;64h on 16/1; addl 100h rel on 20/1 [276]
A36: B813 | B36: 1 | C36: =2*B36 | F36: =SUM(C36:E36) | G36: Expedite & Inspect critical items (list provided in mail dt.29/5/25) EIL on man-day reimbursable basis - 1 order on KSBMIL | J36: Sanjeev Kumar/Raviraj/Shivaji | M36: NRL-Aqueous Ammonia Unit
A37: B862 | G37: manhour for Level- 13 (Group-2), Level -15 & 16 (Group-4) and Level-18 (Group-5) have far exceeded ceiling prescribed in the contract - >Lvl 17-mh limited to 16% | J37: Himangshu Pal/Sanjeev Kumar/Rajeev Khandelwal IOM 10/7/24 from Mr Rajeev Khandelwal on level wise breakup of MH to be booked - to be followed while seeking MH. | M37: PLL | P37: 200h rel in May'25
A38: B865 | G38: EIL-Inspection scope of work is limited to review & approval of QAP and providing dispatch clearance; Moreover, as per contract provision, HPCL may request for inspection by EIL as & when they found it necessary which will be over & above the TPIA inspection and manhours for same shall be reimbursed by HPCL for such shop visits - No expediting at RPO | J38: Avdesh Agrawal | M38: HPCL Petchem Mktg Terminal
A39: B903 | B39: 3 | C39: =2*B39 | F39: =SUM(C39:E39) | J39: Sanjeev Kumar | P39: 10h rel on 2/7[10]
A40: B904 | B40: 1 | C40: =2*1 | F40: =SUM(C40:E40) | J40: Sanjeev Kumar | O40: Proj. prof. n.avl. | P40: 4h rel on 2/7[4]
A41: B964 | I41: Pipemill Deputation-Ratnamani- 10 to 25/1 | J41: Muthu/Hemant
A42: Leave | B42: 4.5 | F42: =8*B42 | G42: VR:; AG:;SV-;BT-;NV: ;Viji:5 | O42: =F42-N42 | P42: 68
A43: Total | B43: =SUM(B10:B42) | F43: =SUM(F4:F42) | O43: =F43-N43 | P43: =SUM(P10:P42) | Q43: =672-P43
I44: =52*5*3- 36
A45: Notes:
A46: 1. If there are any other job nos., pl. include the same.
A47: Guidelines :
A48: 1. Inspection Visit including review and endorsement of final documents: At actual
A49: 2. Expediting and preparation of expediting report: Average 2 hours /month /order ( No separate man hours for coordination )
A50: 3. Expediting visit/ Attending meeting with project/.Client: At actual
A51: 4. Review of ITP for Bulk items under package order: Average 1 hour/ ITP ( No man hours for standard EIL ITP being used by the supplier/Contractor)
A52: 5. Review of ITP for Equipment (Mechanical and Electrical/DCS etc): Average 2 hours/order
A53: 6. Endorsement of IRN issued by the TPIA and issue of despatch Clearance on review of Inspection documents as per scope defined in project profile/original contract for Bulk items: 4 Hour/IRN of TPIA
A54: 7. Endorsement of IRN issued by the TPIA and issue of despatch Clearance on review of Inspection documents as per project profile/contract for Equipment like Column/ DCS/Compressor/Pumps etc: 8 Hours/IRN of TPIA
A55: 8. Order Closing report: Average 2 hours/Order

Sheet May25
A1: RPO : Bengaluru | D1: LOCATION CODE : 18-42-506 | H1: MONTH : | I1: 45778 | M1: Total MH reqd: | O1: =ConsolidatedMHrequirementMay25!A2
A3: Job No | B3: Number of Purchase Orders | C3: No of Engineers deployed | D3: No of Inspn / Expediting Visits | E3: No of Expediting Reports / Desk expediting | F3: No of OCRs | G3: Manhours for Inspection | H3: Manhours for expediting | I3: Others | J3: Total Manhours required | K3: Recd as on 25/06/25 | L3: Shortfall
A4: 4994 | B4: =ConsolidatedMHrequirementMay25!B4 | G4: =ConsolidatedMHrequirementMay25!D4 | H4: =ConsolidatedMHrequirementMay25!C4 | I4: =ConsolidatedMHrequirementMay25!E4 | J4: =VLOOKUP(A4,ConsolidatedMHrequirementMay25!$A$4:$I$42,6,FALSE) | K4: 32 | L4: =J4-K4 | M4: =ConsolidatedMHrequirementMay25!G4
A5: 6979 | B5: =ConsolidatedMHrequirementMay25!B5 | G5: =ConsolidatedMHrequirementMay25!D5 | H5: =ConsolidatedMHrequirementMay25!C5 | I5: =ConsolidatedMHrequirementMay25!E5 | J5: =VLOOKUP(A5,ConsolidatedMHrequirementMay25!$A$4:$I$42,6,FALSE) | L5: =J5-K5
A6: 7716 | B6: =ConsolidatedMHrequirementMay25!B6 | G6: =ConsolidatedMHrequirementMay25!D6 | H6: =ConsolidatedMHrequirementMay25!C6 | I6: =ConsolidatedMHrequirementMay25!E6 | J6: =VLOOKUP(A6,ConsolidatedMHrequirementMay25!$A$4:$I$42,6,FALSE) | L6: =J6-K6
A7: 8518 | B7: =ConsolidatedMHrequirementMay25!B7 | G7: =ConsolidatedMHrequirementMay25!D7 | H7: =ConsolidatedMHrequirementMay25!C7 | I7: =ConsolidatedMHrequirementMay25!E7 | J7: =VLOOKUP(A7,ConsolidatedMHrequirementMay25!$A$4:$I$42,6,FALSE) | L7: =J7-K7 | M7: Admin works,Insp Guidelines/Typ Test review/ITP revision(E&I ITPS)/Std. Spec review-mtgs with Inst. Engg. on Cryo Test Procedure & Flow Meter MR improvements,other miscellaneous works incl. Dept Mtg, Office enhancement efforts,Short Term Contracts, New Facility Mgmt Tender requirements freeze etc.,Mktg leads, Hosp Nomination;ITP for Aircooled Exchangers & Wiremesh Demister-12/5,Heat Exch &Columns-13/5+3 ITPs for Vessels/Columns/Reactors (30/5)
A8: 8590 | B8: =ConsolidatedMHrequirementMay25!B8 | G8: =ConsolidatedMHrequirementMay25!D8 | H8: =ConsolidatedMHrequirementMay25!C8 | I8: =ConsolidatedMHrequirementMay25!E8 | J8: =VLOOKUP(A8,ConsolidatedMHrequirementMay25!$A$4:$I$42,6,FALSE) | L8: =J8-K8
A9: B016 | B9: =ConsolidatedMHrequirementMay25!B9 | G9: =ConsolidatedMHrequirementMay25!D9 | H9: =ConsolidatedMHrequirementMay25!C9 | I9: =ConsolidatedMHrequirementMay25!E9 | J9: =VLOOKUP(A9,ConsolidatedMHrequirementMay25!$A$9:$I$42,6,FALSE) | L9: =J9-K9
A10: B035 | B10: =ConsolidatedMHrequirementMay25!B10 | G10: =ConsolidatedMHrequirementMay25!D10 | H10: =ConsolidatedMHrequirementMay25!C10 | I10: =ConsolidatedMHrequirementMay25!E10 | J10: =VLOOKUP(A10,ConsolidatedMHrequirementMay25!$A$9:$I$42,6,FALSE) | L10: =J10-K10 | M10: Expediting - Greensol;
A11: B038 | B11: =ConsolidatedMHrequirementMay25!B11 | G11: =ConsolidatedMHrequirementMay25!D11 | H11: =ConsolidatedMHrequirementMay25!C11 | I11: =ConsolidatedMHrequirementMay25!E11 | J11: =VLOOKUP(A11,ConsolidatedMHrequirementMay25!$A$9:$I$42,6,FALSE) | L11: =J11-K11 | M11: May-1ord FD exp. | V11: pending mh to be filled: | X11: MH avl
A12: B058 | B12: =ConsolidatedMHrequirementMay25!B12 | G12: =ConsolidatedMHrequirementMay25!D12 | H12: =ConsolidatedMHrequirementMay25!C12 | I12: =ConsolidatedMHrequirementMay25!E12 | J12: =VLOOKUP(A12,ConsolidatedMHrequirementMay25!$A$9:$I$42,6,FALSE) | L12: =J12-K12
A13: B224 | B13: =ConsolidatedMHrequirementMay25!B13 | G13: =ConsolidatedMHrequirementMay25!D13 | H13: =ConsolidatedMHrequirementMay25!C13 | I13: =ConsolidatedMHrequirementMay25!E13 | J13: =VLOOKUP(A13,ConsolidatedMHrequirementMay25!$A$9:$I$42,6,FALSE) | L13: =J13-K13 | M13: Tecnip/Micon -insp- 22/5(1d);L&T/YIL-Wireless Insts- 30/5(1d);L&T/YIL Moist Anal Rev/IRN end.- 1/5 (0.5d);JSW-Rev/IRN end of Elec Pkg-6/5 (1d);MEIL-SRU/Cords&KEC QAP rev -8/5(0.5d);Megha/PPU-All elec. Items TPI IRN rev-6/5(1d);Meil-SRU- Mass FM,Mag FM -QAP rev-21/5(1d);Meil/SRU/Nexon Cable QAP rev-27/5(0.5d);MEIL/SRU-PRV QAP-19/5(0.5d);Meil/SRU/Chabi-QAP-27/5(0.5d);
A14: B229 | B14: =ConsolidatedMHrequirementMay25!B14 | G14: =ConsolidatedMHrequirementMay25!D14 | H14: =ConsolidatedMHrequirementMay25!C14 | I14: =ConsolidatedMHrequirementMay25!E14 | J14: =VLOOKUP(A14,ConsolidatedMHrequirementMay25!$A$9:$I$42,6,FALSE) | L14: =J14-K14
A15: B269 | B15: =ConsolidatedMHrequirementMay25!B15 | G15: =ConsolidatedMHrequirementMay25!D15 | H15: =ConsolidatedMHrequirementMay25!C15 | I15: =ConsolidatedMHrequirementMay25!E15 | J15: =VLOOKUP(A15,ConsolidatedMHrequirementMay25!$A$9:$I$42,6,FALSE) | K15: 138 | L15: =J15-K15 | M15: 12 running orders+ 4Orders FD sub expediting+1OCS; Critical Item Insp - YIL- RHCU FAT- 5d (28/4-2/5-(5d); BDK visit- 21-23/5(3d)-posting for expediting rectification/replacement of valves recd.frm site;YIL-1415- RHCU FAT compl- 29/5(1d);Cables Rev/IRN endor - 28/5(0.5d);For Apr+May-38mh rel on 19/6 (against 104+118=222h sought)[1476];Another 100mh rel on 20/6[1576]
A16: B285 | B16: =ConsolidatedMHrequirementMay25!B16 | G16: =ConsolidatedMHrequirementMay25!D16 | H16: =ConsolidatedMHrequirementMay25!C16 | I16: =ConsolidatedMHrequirementMay25!E16 | J16: =VLOOKUP(A16,ConsolidatedMHrequirementMay25!$A$9:$I$42,6,FALSE) | L16: =J16-K16
A17: B297 | B17: =ConsolidatedMHrequirementMay25!B17 | G17: =ConsolidatedMHrequirementMay25!D17 | H17: =ConsolidatedMHrequirementMay25!C17 | I17: =ConsolidatedMHrequirementMay25!E17 | J17: =VLOOKUP(A17,ConsolidatedMHrequirementMay25!$A$9:$I$42,6,FALSE) | L17: =J17-K17 | M17: Exp-6 ord-4 runn ord, 2-FD sub exp; Insp: B297/308 (23/5 - 1d) | V17: Viji | W17: 168
A18: B302 | B18: =ConsolidatedMHrequirementMay25!B18 | G18: =ConsolidatedMHrequirementMay25!D18 | H18: =ConsolidatedMHrequirementMay25!C18 | I18: =ConsolidatedMHrequirementMay25!E18 | J18: =VLOOKUP(A18,ConsolidatedMHrequirementMay25!$A$9:$I$42,6,FALSE) | L18: =J18-K18 | M18: 4 Running orders ; 8731-KEPL/TMEIC-Drives insp- 22-27/5 (5d);2162-KSBMIL-26/5(1d);Shirdi Sai -Online mtg/clarifications
A19: B348 | B19: =ConsolidatedMHrequirementMay25!B19 | G19: =ConsolidatedMHrequirementMay25!D19 | H19: =ConsolidatedMHrequirementMay25!C19 | I19: =ConsolidatedMHrequirementMay25!E19 | J19: =VLOOKUP(A19,ConsolidatedMHrequirementMay25!$A$9:$I$42,6,FALSE) | K19: 0 | L19: =J19-K19 | M19: 13 Running orders +1 ord FD exp+1OCS;22h rel on 4/7/25 for Apr & May [184]
A20: B359 | B20: =ConsolidatedMHrequirementMay25!B20 | G20: =ConsolidatedMHrequirementMay25!D20 | H20: =ConsolidatedMHrequirementMay25!C20 | I20: =ConsolidatedMHrequirementMay25!E20 | J20: =VLOOKUP(A20,ConsolidatedMHrequirementMay25!$A$9:$I$42,6,FALSE) | L20: =J20-K20 | V20: SV | W20: =21*8-4*8 | X20: =90+24+22 | Y20: b035+b436+B767
A21: B378 | B21: =ConsolidatedMHrequirementMay25!B21 | G21: =ConsolidatedMHrequirementMay25!D21 | H21: =ConsolidatedMHrequirementMay25!C21 | I21: =ConsolidatedMHrequirementMay25!E21 | J21: =VLOOKUP(A21,ConsolidatedMHrequirementMay25!$A$9:$I$42,6,FALSE) | K21: 160 | L21: =J21-K21 | M21: 20 ord Expediting(incl 7ord FD sub exp); Inspn: YIL(639-U&O/PP FAT))-2,30/5(2d); (706-Rev/IRN end)-3/5(.5d);ABB(569)-29/5(1d);Schneider -PO 725-7-9,28-30,Rev:26/5 (6.5d);Paramount/C&S-8,9,15,16/5(4d);Mtg. with YIL for resolving o/s Hold-ups in FAT & procurement resply;Meeting/rev. of Cryo Test procedure & expediting of o/s issues; Rev. Mtg. @ YIL alongwith Client -9,15,30/5-(2d); 160h rel on 16/6[4328]
A22: B414 | B22: =ConsolidatedMHrequirementMay25!B22 | G22: =ConsolidatedMHrequirementMay25!D22 | H22: =ConsolidatedMHrequirementMay25!C22 | I22: =ConsolidatedMHrequirementMay25!E22 | J22: =VLOOKUP(A22,ConsolidatedMHrequirementMay25!$A$9:$I$42,6,FALSE) | L22: =J22-K22 | M22: 4 orders ( incl. 3Running orders & 1FD expediting); Insp: Schneider - Sw Bds - B414/55- 7-9,29,Rev:26/5 (4.5d);Pace process/Schneider QAP appls.-27/5(0.5d);
A23: B436 | B23: =ConsolidatedMHrequirementMay25!B23 | G23: =ConsolidatedMHrequirementMay25!D23 | H23: =ConsolidatedMHrequirementMay25!C23 | I23: =ConsolidatedMHrequirementMay25!E23 | J23: =VLOOKUP(A23,ConsolidatedMHrequirementMay25!$A$9:$I$42,6,FALSE) | L23: =J23-K23 | M23: SCADA order on ABB
A24: B440 | B24: =ConsolidatedMHrequirementMay25!B24 | G24: =ConsolidatedMHrequirementMay25!D24 | H24: =ConsolidatedMHrequirementMay25!C24 | I24: 0 | J24: =VLOOKUP(A24,ConsolidatedMHrequirementMay25!$A$9:$I$42,6,FALSE) | K24: 15 | L24: =J24-K24 | M24: May'25: 16ord(incl.1ord FD sub & 1OCS);15h rel on 16/6[260]
A25: B448 | B25: =ConsolidatedMHrequirementMay25!B25 | G25: =ConsolidatedMHrequirementMay25!D25 | H25: =ConsolidatedMHrequirementMay25!C25 | I25: =ConsolidatedMHrequirementMay25!E25 | J25: =VLOOKUP(A25,ConsolidatedMHrequirementMay25!$A$9:$I$42,6,FALSE) | L25: =J25-K25 | M25: Insp. & exp. Of Direct ordered items; For LSTK, insp@ payment on manday item rate;resolution of queries on insp from bid till compln. Of pjt;expediting, if reqd. by Owner - Plant Automation tender on ABB - Plant Automation FAT-20-23, 28/5(5.5d); Valves- QAP rev. 15/5(0.5d) | V25: NV | W25: =168-16 | X25: =30+2 | Y25: b414
A26: B519 | B26: =ConsolidatedMHrequirementMay25!B26 | G26: =ConsolidatedMHrequirementMay25!D26 | H26: =ConsolidatedMHrequirementMay25!C26 | I26: =ConsolidatedMHrequirementMay25!E26 | J26: =VLOOKUP(A26,ConsolidatedMHrequirementMay25!$A$9:$I$42,6,FALSE) | L26: =J26-K26 | M26: 2 runn ord (FD exp)+1OCS | V26: Shortage | W26: =168+152-32
A27: B548 | B27: =ConsolidatedMHrequirementMay25!B27 | G27: =ConsolidatedMHrequirementMay25!D27 | H27: =ConsolidatedMHrequirementMay25!C27 | I27: =ConsolidatedMHrequirementMay25!E27 | J27: =VLOOKUP(A27,ConsolidatedMHrequirementMay25!$A$9:$I$42,6,FALSE) | L27: =J27-K27
A28: B559 | B28: =ConsolidatedMHrequirementMay25!B28 | G28: =ConsolidatedMHrequirementMay25!D28 | H28: =ConsolidatedMHrequirementMay25!C28 | I28: 1 | J28: =VLOOKUP(A28,ConsolidatedMHrequirementMay25!$A$9:$I$42,6,FALSE) | L28: =J28-K28 | M28: IOCL Biturox,Vad-Proj. Prof. uploaded on 20/3- Desk Expediting - NO OCS; 4 orders expediting -1h rel on 24/6 in B559-01[1]
A29: B560 | B29: =ConsolidatedMHrequirementMay25!B29 | G29: =ConsolidatedMHrequirementMay25!D29 | H29: =ConsolidatedMHrequirementMay25!C29 | I29: =ConsolidatedMHrequirementMay25!E29 | J29: =VLOOKUP(A29,ConsolidatedMHrequirementMay25!$A$9:$I$42,6,FALSE) | L29: =J29-K29 | M29: Req.from ED(I) for expediting on 15/6 - 13 orders (incl.9FD exp & 1 OCS) & OCS also to be made as per latest reqt.;
A30: B589 | B30: =ConsolidatedMHrequirementMay25!B30 | G30: =ConsolidatedMHrequirementMay25!D30 | H30: =ConsolidatedMHrequirementMay25!C30 | I30: =ConsolidatedMHrequirementMay25!E30 | J30: =VLOOKUP(A30,ConsolidatedMHrequirementMay25!$A$9:$I$42,6,FALSE) | L30: =J30-K30
A31: B650 | B31: =ConsolidatedMHrequirementMay25!B31 | G31: =ConsolidatedMHrequirementMay25!D31 | H31: =ConsolidatedMHrequirementMay25!C31 | I31: =ConsolidatedMHrequirementMay25!E31 | J31: =VLOOKUP(A31,ConsolidatedMHrequirementMay25!$A$9:$I$42,6,FALSE) | L31: =J31-K31 | X31: =122+168
A32: B653 | B32: =ConsolidatedMHrequirementMay25!B32 | G32: =ConsolidatedMHrequirementMay25!D32 | H32: =ConsolidatedMHrequirementMay25!C32 | I32: =ConsolidatedMHrequirementMay25!E32 | J32: =VLOOKUP(A32,ConsolidatedMHrequirementMay25!$A$9:$I$42,6,FALSE) | L32: =J32-K32 | M32: Expediting by RPOs as per email dtd 22/10/24, OCS by RPO as per CS mail dt 17/1; (13 running ord+1OCS);Univ Insts -Rev. mtg & Show Cause Notice issue reco. -8h
A33: B725 | B33: =ConsolidatedMHrequirementMay25!B33 | G33: =ConsolidatedMHrequirementMay25!D33 | H33: =ConsolidatedMHrequirementMay25!C33 | I33: =ConsolidatedMHrequirementMay25!E33 | J33: =VLOOKUP(A33,ConsolidatedMHrequirementMay25!$A$9:$I$42,6,FALSE) | L33: =J33-K33
A34: B767 | B34: =ConsolidatedMHrequirementMay25!B34 | G34: =ConsolidatedMHrequirementMay25!D34 | H34: =ConsolidatedMHrequirementMay25!C34 | I34: =ConsolidatedMHrequirementMay25!E34 | J34: =VLOOKUP(A34,ConsolidatedMHrequirementMay25!$A$9:$I$42,6,FALSE) | L34: =J34-K34
A35: B795 | B35: =ConsolidatedMHrequirementMay25!B35 | G35: =ConsolidatedMHrequirementMay25!D35 | H35: =ConsolidatedMHrequirementMay25!C35 | I35: =ConsolidatedMHrequirementMay25!E35 | J35: =VLOOKUP(A35,ConsolidatedMHrequirementMay25!$A$9:$I$42,6,FALSE) | L35: =J35-K35
A36: B813 | B36: 1 | G36: =ConsolidatedMHrequirementMay25!D36 | H36: =ConsolidatedMHrequirementMay25!C36 | I36: =ConsolidatedMHrequirementMay25!E36 | J36: =VLOOKUP(A36,ConsolidatedMHrequirementMay25!$A$9:$I$42,6,FALSE) | L36: =J36-K36 | M36: 1 order on KSBMIL
A37: B862 | B37: =ConsolidatedMHrequirementMay25!B37 | G37: =ConsolidatedMHrequirementMay25!D37 | H37: =ConsolidatedMHrequirementMay25!C37 | I37: =ConsolidatedMHrequirementMay25!E37 | J37: =VLOOKUP(A37,ConsolidatedMHrequirementMay25!$A$9:$I$42,6,FALSE) | L37: =J37-K37
A38: B865 | B38: =ConsolidatedMHrequirementMay25!B38 | G38: =ConsolidatedMHrequirementMay25!D38 | H38: =ConsolidatedMHrequirementMay25!C38 | I38: =ConsolidatedMHrequirementMay25!E38 | J38: =VLOOKUP(A38,ConsolidatedMHrequirementMay25!$A$9:$I$42,6,FALSE) | L38: =J38-K38
A39: B903 | B39: =ConsolidatedMHrequirementMay25!B39 | G39: =ConsolidatedMHrequirementMay25!D39 | H39: =ConsolidatedMHrequirementMay25!C39 | I39: =ConsolidatedMHrequirementMay25!E39 | J39: =VLOOKUP(A39,ConsolidatedMHrequirementMay25!$A$9:$I$42,6,FALSE) | L39: =J39-K39
A40: B904 | B40: =ConsolidatedMHrequirementMay25!B40 | G40: =ConsolidatedMHrequirementMay25!D40 | H40: =ConsolidatedMHrequirementMay25!C40 | I40: =ConsolidatedMHrequirementMay25!E40 | J40: =VLOOKUP(A40,ConsolidatedMHrequirementMay25!$A$9:$I$42,6,FALSE) | L40: =J40-K40
A41: Leave | B41: =ConsolidatedMHrequirementMay25!B42 | G41: =ConsolidatedMHrequirementMay25!D42 | H41: =ConsolidatedMHrequirementMay25!C42 | I41: =ConsolidatedMHrequirementMay25!E42 | J41: =VLOOKUP(A41,ConsolidatedMHrequirementMay25!$A$9:$I$42,6,FALSE) | K41: 36 | L41: =J41-K41 | M41: AG:7/5(0.5);SV-21,22,23/5;US;BT-;NV:5/5(1)
A42: Total | J42: =SUM(J4:J41) | K42: =SUM(K4:K41) | L42: =SUM(L4:L41)
A45: Guidelines :
A46: 1. Inspection Visit including review and endorsement of final documents: At actual
A47: 2. Expediting and preparation of expediting report: Average 2 hours /month /order ( No separate man hours for coordination )
A48: 3. Expediting visit/ Attending meeting with project/.Client: At actual
A49: 4. Review of ITP for Bulk items under package order: Average 1 hour/ ITP ( No man hours for standard EIL ITP being used by the supplier/Contractor)
A50: 5. Review of ITP for Equipment (Mechanical and Electrical/DCS etc): Average 2 hours/order
A51: 6. Endorsement of IRN issued by the TPIA and issue of despatch Clearance on review of Inspection documents as per scope defined in project profile/original contract for Bulk items: 4 Hour/IRN of TPIA
A52: 7. Endorsement of IRN issued by the TPIA and issue of despatch Clearance on review of Inspection documents as per project profile/contract for Equipment like Column/ DCS/Compressor/Pumps etc: 8 Hours/IRN of TPIA
A53: 8. Order Closing report: Average 2 hours/Order

Sheet ConsolidatedMHrequirementJun25
A1: Consolidated man hour requirement for Jun'25
A2: =(21*8*6)
A3: Job No | B3: No. of orders | C3: Exp. | D3: Inspn | E3: Others | F3: Total | G3: *Others/ Remarks | J3: Insp/ Project Coordinators | N3: MH available as on | O3: MH to be released for Jun'25 | P3: Allotted | Q3: 8518 reqd
A4: 4994 | B4: 2 | E4: =8*2 | F4: =SUM(C4:E4) | G4: Reval:ABB;IPA (2d) | J4: Rajesh Sinha | N4: 0 | O4: 32 | P4: 0 | Q4: 32h relsd on 14/1;40h relsd on 18/2;96 hr relsd on 16/3/20;24h relsd on 23/6;16hr allotted on 23/9; 32h issued on 28/6;40mh rels on 25/11;48h relsd on 1/2/22;56h issued on 21/3/22;16h relsd on 2/5/22;32 h rel on 27/6;32h rel on 30/11;24h rel on 9/2;32h rel on 28/3;36h ;32h rel on 22/5[3998]on 1/5;48h rel on 31/5;64h rel on 27/6;64h rel on 27/7;28h rel on 11/9 against 32 sought;8mh of Sep rel on 16/10;[3844 upto 8/1]40h rel on 8/1;48h rel on 1/4[3976];32h rel on 22/5[4006];36h on 4/6[4042];48h rel on 29/10[4154];44h for Nov & Dec, rel. on 3/1/25[4198};24h rel on 10/2 [4222];- 16h rel on 22/4[4238];72h rel on 27/5[4310];16h rel on 11/7[4326]
A5: 6979 | F5: 0 | Q5: 60h rel on 14/10 against MH for Vert. B; 36h rel on 8/1 in lieu of B302 [96];in lieu of B302106 mh rel against 6979 on 21/4 (for Jan/Feb/Mar) 6979-[202]
A6: 7716 | D6: 0 | E6: =8*0 | F6: =SUM(C6:E6) | J6: Sanjeev Kumar/ Yatendra Agrawal - EIB Renovation | P6: 16h rel on 9/4 against Climaveneta order referred in 8590 above [28]
A7: 8518 | B7: 0 | C7: 0 | D7: 0 | F7: 200 | G7: Admin works,Insp Guidelines/Typ Test review/ITP revision(E&I ITPS)/Std. Spec review-mtgs with Inst. Engg. on Cryo Test Procedure & Flow Meter MR improvements,other miscellaneous works incl. Dept Mtg, Office enhancement efforts,Short Term Contracts, New Facility Mgmt Tender requirements freeze etc.,Mktg leads, Hosp Nomination;All Mech ITPs, Mag/Vortex/Mass FM ITPs,QM,KM;600h rel on 25/7[169998] | J7: Tech Develop & OH | N7: 300 | Q7: 123h avl as on 27/6/22(2200 in 8518-02);300mh issued on 8/8/22 (tot. 2800mh/2521 consumed as of 8/8) - 2679 consumed as on 16/8- 121 hrs avl.[254h consumed in Jul'22]; 200h relsd on 6/9 in place of 300 sought (3000 as on 6/9/22);300 mh rel on 13/10 - 3300 as on 13/10;200h rel on 14/12[3500 as on 15/12];200h rel on 13/1/23[3800 as on 19/1/23] (176h avl. as on 19/1, after closure of Dec TS); 300mh rel on 20/2/23 against 8518-00 [15100-12657=2443mh];1836h rel on 18/3 -15998;for Apr MH, 418 mh rel on 4/6/24[15348];410 mh rel on 16/7[16408];60mh utilised in Sep [17331];417 mh rel. on 11/12 for Oct[17748];500mh rel on 17/1[18248];125 mh rel on 23/1[18373];316h rel on 4/3[18673];200h rel on 24/4[19398];600h rel on 25/7[169998]
A8: 8590 | D8: 0 | F8: =SUM(C8:E8)
A9: B016 | B9: 0 | C9: 0 | E9: 0 | F9: 0 | J9: Uday Pratap Singh/Pankaj Saxena/Alok Singh | Q9: 10h issued on 2/5[1714];16h rel on 2/7[1722];8h rel on 12/9[1730] for VFD
A10: B035 | B10: 1 | C10: =1*8 | D10: 0 | E10: 0 | F10: =C10+D10+E10 | G10: Expediting - Greensol; | J10: Saeed Akhtar/ D Jana | N10: 0 | O10: =F10-N10 | Q10: 47 hr avl on 19/7;64 h already bkd in jul; 28 hrs relsd on 16/11;24h relsd on 18/12;24h relsd on 14/1;32h issued-RAM val extn for YVT reqd;16 h on 16/3/20;16h relsd on 23/6/20; J/F/M request:80/40/40; 96 hrs given on 4/2/21'40h on 30/3/21;16h allotted on 28/6;40h relsd on 25/8;24h relsd on 26/10;32h relsd on25/11;24 h rel. in Dec;24h rel on 3/2/22;8h relsd on 1/8/22;8h relsd on 29/8;32h rel on 27/9;8h rel on 10/1[1249];8h on 9/2[1257];8h on 1/5[1275];8h on 31/5[1283];8h on 28/7[1291];8 h on 15/9[1307];8 h on 26/9[1315];32h rel on 1/12[1407;32h rel on 8/1[1471]; 8h+ 4h(B302) rel on 12/2[1483];8h +6h(B302) rel on 11/3[1497];8h rel on 1/4[1505];8h rel on 13/5[1513];16h for May & Jun rel on 1/7[1539];8h rel on 9/8[1555] 90h rel on 12/10 [1645]-10h bal c/f to Oct;8h rel on 28/2[1653]
A11: B038 | B11: 1 | C11: =2*B11 | D11: 0 | E11: 0 | F11: =C11+D11+E11 | G11: Expediting/fin.doc subm followup & OCS prep(16 nos) - 24h sought for Time ex.of YIL & other activities of past for CPCL on 22/12/21 - 16h relsd on 31/12/21; 1 Ord on FS recd in Oct-4h rel on 28/10; 8h sought on 5/12; Dec: 2 OCS +5 run. Ord. expediting - 28h sought (8h rel); Jan: 5 run ord +2 FD exp,Sandvik Mtgs - 36h sought - 12h rel [32];FEb- 20h sought-none relsd; Mar:32h sought- 16h issued; Meeting at Sandvik on 11/4/23 with MRPL; Apr:5 running orders+3FD expediting(32h)- total:40h sought - May: Alliema VC on 16/5/23;5 running orders+3FD expediting(32h)- 40h sought; 6r orders+2 OCS+Alliema expediting - 40h sought in Jun-16 relsd.[120];40 sought in Jul(8 ord+Alleima- exp incl. mtg on 26/7)); 36h sought in Aug- incl.7 orders(4 running) & Alleima Expediting [64 h sought on 28/8 incl. 28h short of Jul]; [20 h relsd [168] ;6 orders expediting- 24h;6 orders expediting;1 OCS on 12/9;Alleima expediting including visits to Hosur works on 1 & 7/9;Oct: 1 OCS done(704), 5 orders expediting- sought 24h;Nov: 7ord exp- 14hrs sought; Dec: 7 order expediting - 14h +4h- mtg with Head of Swims& IL for urgent intervention; Jan:7 ord exp - 14h(not rel); Feb:2Runn ord exp +1OCS+4FD exp; Mar: 2 Runn ord+3FDsub exp+1 OCS; Mtg with YIL on 7/3/24 for Turnkey Instn Job;Apr: 1 Rord;3 FD exp+1OCS;mtg with YIL -29/4; May: 2 FD exp+1OCS+ 1Rord Exp -8h;Jun: 1FD exp+1OCS+1Rord Exp-6h; Jul: 1ord fd exp; 1ord- YIL - excl.exp. with mtgs & daily f/ups; Aug- 2 ord - 4h; Sep-2 ord FD - 4h; Oct-2ord FD-4h ;Nov-2ord FD-4h;Dec-2ord FD-4h;Jan,Feb,Mar-2ord FD-4h; Apr- 2ord (incl 1OCS) -4h;May-1ord FD exp.;Jun-1 OCS | J11: Himanghsu Pal/Sanjeev Kumar/Aasheesh Handa | N11: 0 | O11: =F11-N11 | Q11: 60 hr allocated on 22/2/19 (first time); 140 hrs allotted on 26/4/19; 200h relsd on 7/8/19; 40 hrs relsd on 5/11/19;50 hrs relsd on 13/1/20;40 hr relsd on 20/2;;Bal. MH reqd from May'20 till completion of activities: 8 orders - 3 orders can get completed by Jul'20; bal 5 orders will go upto Sept- so Exp:3*3*4+5*5*4=136hrs;FD/OCS-29 orders -29*4*3=348 - So total - 484 mh; 16 hrs avl as on 27/5/20; 20 hrs avl. as on 20/8- RAM auth to be chkd;130h allotted on 29/9 - till end of pjt -brk up 40(sep),40(oct),50(Nov);16h relsd on 31/12/21;8h rel on 12/12; 8h rel on 6/1/23;12mh rel on 17/2 against 36 sought[32] b038-02;16h ag.20hsought on 27/2[48]; 16h rel on 6/4 against 20 sought[64];22h given against 40 sought on 15/5/23 [88];16h given in place of 40 on 19/6[104];12h (in place of 40h) rel on 8/8[132];28h rel on 7/9[160];16h rel on 9/10-sep ts closed - so used for Oct[184];26h rel on 18/12[210];10h on 11/1[220];7h rel on 4/3/24[234];16h rel for Mar [250];;8h on 4/6[270]8h rel on 4/8[278]
A12: B058 | B12: 1 | C12: 0 | F12: 0 | J12: Patra/Sanjay Dhuria | Q12: 8h rel on 1/8
A13: B224 | B13: 1 | F13: =8*14 | G13: Insp: Tecnip/YIL -Anal-26/6(1d);Emerson/FCRI-24-26/6(3d);KSBMIL-18-20,IRN end-30/6(3.5d);Afcons/Microfinish-4/6(1d);Doc Rev: MEIL-SRU/HBL QAP-23/6-(0.5d),Codel/Forbes Cords QAP-19/6(0.5d);JSW/GE- QAP-25/6 (0.5d);KEC QAP rev -9/6(0.5d);Flowserve/ABB QAP-4/6(0.5d);Nov-Drives QAP-9/6(0.5d); Cords Cables -11/6(0.5d); CGL-5/6(0.5d);O2Anal -11/6(0.5d);GWR Txer-11/6(0.5d);KSBMIL-11/6(0.5d);ICE Asia -12/6(0.5d);150mh rel on 25/7[6298] | J13: Mr Dipak Panchal / Mr Sunil Saurabh/ Mr R.K.Mohabe/Neena Mukherjee | N13: 0 | O13: 56 | Q13: 20 hrs issued on 9/20- addl 48 hrs provided on 18/11/20;48h recd on 8/1/21;64 mh against B224-05 recd on 14/5/21;56 h on 1/6/21;140h relsd on 6/12/21;190h relsd on 28/12/21;112h relsd on 2/2/22;64h relsd on 28/2/22;216h relsd on 28/3/22;88h relsd on 4/5/22;80h relsd on 29/6/22;80h relsd on 1/8/22;316h against all units relsd on 28/9 in unit 00; 114h relsd on 3/11/22; 120 h relsd on 4/12 against req. of 212h(804 in Unit 00 as on 6/12); 300 rel. on 6/1 in place of 388 sought [1104];172h rel on 172 on 16/2[1276];256h rel on 7/3[1532];300h (against 360 sought) rel on 5/4[1832];304h rel on 12/5[2136];300mh rel on 31/5 against 408 sought [2436]; 200h rel on 9/8 (264 sought)[3039]; 440h sought on 28/8 & resld on 11/9; 372h sought on 26/9- relsd on 4/10; 301 hr rel. for Nov & Dec against 480 sought on 8/1/24[4482];240mh issued on22/2 (against 252 sought) [4735];150h rel on 1/4 for feb & 150h rel on 6/4 for mar[5035];96h rel on 21/5[5131];96h rel on 2/7/24 (for May'24)[5227];272h rel on 16/7[5499]; 40h rel on 12/10[5635];90h rel on 10/1[5720];100h rel on 20/1[5820];21h rel on 10/2[5841];307h rel for Jan-Mar on 24/4
A14: B229 | B14: 0 | C14: =2*B14 | E14: 0 | F14: =SUM(C14:E14) | J14: Patra/JPS Kalra/DK Kesri | Q14: 40 hrs relsd on 13/8/21; 16 hr to be relsd on 29/9;24 hrs relsd on 31/12;24h relsd on 8/2/22;24h relsd on 9/5/22'20h resld on 9/6/22;24h relsd on 15/7;228 consumed as on 1/8/22;20 h relsd on 2/8/22; 20h resld on 12/9/22;24h relsd on 3/10;10h rel on 9/12;28h rel on 9/1[345];48h rel on 14/3 for Jan/Feb [393];20h rel on 17/4[413];20h rel on 15/5[433];36h rel on 22/6[469];32h rel on 11/7[501];56 h sought for Jul(32)+Aug(24) on 28/8 - 32h of Jul rel. on 11/9[533];16h rel on 5/10[549];20h rel on 29/11[569];40h rel on 27/12[609];30h on 10/1[639];40h on 21/2[679];16h on 29/3[695];30h on 5/4[725];;16h rel on 16/5[741];-16h rel on 16/7[757]; 24 h rel on 12/10 but not utilised since Name appl. Not yet recd - to be c/f to Oct[765];10h rel on 10/12[775]; 100h rel on 23/1[883;8h rel on 6/3 [901]
A15: B269 | B15: 16 | C15: =2*B15+4*2 | D15: =8*9 | E15: =8*1 | F15: =SUM(C15:E15) | G15: 12 running orders+ 4Orders FD sub expediting+1OCS; Critical Item Insp - YIL- AVU FAT- 5d (23-28/6)-(6d); BDK visit- 11-13/5(3d)-posting for expediting rectification/replacement of valves recd.frm site;VC with BDK -17,26/6(1d); | J15: Chandrashekhar/Rajesh Bhatla/Arun Singh Arya/Sanjay Chaudhary | N15: 0 | Q15: ;32h rel in place of 60h sought on 15/6[532];48h rel on 10/7 in pl. of 76 sought[580];36h (80 sought)rel on 8/8[640]; 49 h rel on ag. 88 sought on18/9 [689];96h rel on 4/10[785] ;42h rel on 29/11(for month of Oct)[827];30h rel on11/1 [857];80h rel on 18/1[937];40h rel on 19/2[977];24h rel against 50h sought on 13/3[1001];36h rel on 10/4[1037]-to be used in Apr since Mar TS already closed.;20mh rel on 2/7(for may)[1057];27h rel on 10/7[1084];40h rel on 9/8[1124]; 20h rel on 12/10[1174];48h rel on 30/12[1222];20mh rel on 8/1[1242];100h addl given on 20/1[1342];50h rel on 19/2[1392];30h rel on 19/3[1422];16mh rel on 17/4 [1438];For Apr+May-38mh rel on 19/6 (against 104+118=222h sought)[1476];Another 100mh rel on 20/6[1576];80mh rel on 11/7[1656]
A16: B285 | F16: 0 | J16: Sanjeev Kumar/Vikalp Paliwal
A17: B297 | B17: 4 | C17: =7*2+4 | D17: 0 | E17: =8*0.5 | F17: =SUM(C17:E17) | G17: Exp-4 ord-1 runn ord, 2-FD sub exp,1-OCS; HAL Ofshore -MF expediting | J17: Chandrashekar/NS Vasudev/Manish Tiwari - GAIL Pata | N17: 10 | Q17: 24h allotted on 25/2/22;44 h allotted on 2/6/22(against 64 sought) - 60h bkd in Jun correspond to previous month; jun rel. not happened sought 88h for Jun/Jul [128 h as of 11/8/22]-80h issued on 22/8/22; 28h resld on 25/8; 232h as on 6/9/22;268 as on 28/10(32 h rel for Sep being util. in Oct);30mh rel on 11/11;40 h rel on 7/12(338 as on 7/12);40h issued on 11/1 [378];30mh issued in Feb 10h avl on 9/2[408];46h given on 9/3 in pl of 68 sought [454]; 100h rel on 6/6 for May'23[554];40 on 8/7 in pl. of 184 h sought[594];20h rel on 9/10- sep ts closed so used in Oct [614] 30h rel for Oct[644]; 32 h rel on 15/12 against 58 sought[676];24h rel on 12/3 ag. 58 sought[755];18h rel on 5/4[773];16h rel on 15/5[789];16h rel on 24/6 [805];32;8h rel on 11/3 [965]h rel on 12/7[837];24h rel on 12/8[861];20h rel on 10/9[881];16h rel on 14/10[897]; 24h rel on 19/11[921];16h rel on 10/12[937];20h rel on 13/1[957];8h rel on 17/3[965]
A18: B302 | B18: 4 | C18: =2*4+4*2 | D18: =9 | E18: =8*3 | F18: =SUM(C18:E18) | G18: 4 Running orders ; 8731-KEPL/TMEIC-Drives insp- 6,17-20/6 (5d);2162-Doc Rev/IRN-26/6(0.5d);Likita/Statcon-Solar QAPs Appl- 15/6(1d);Likita/Chetan -FA & CO2Flooding QAP appl 23/6(1d);-Shirdi Sai -Online mtg/clarifications- 32h rel for Apr-Jun'25 against 6979 on 28/7[234] | J18: Suresh/D Jana(302-1)/Sivakumar(302-2)/Abhishek Rai/Balbir Singh (01-P/L & 02- COT) - pump order - 02; FOA also to incl. Unit no for correlation | Q18: 8hr allotted on 31/10/21;4h all. On 30/11;16h relsd on 6/2/22;56h relsd against B302-01 on 1/4/22;56h of Mar'22 of 02 unit relsd on 4/5/22;36h for Jul/Aug/Sep'23 relsd against B035 on 3/10;4h rel against B035 on 12/2;10h rel against B035 on 29/5[1523];106 mh rel against 6979 on 21/4 (for Jan/Feb/Mar) 6979-[202]
A19: B348 | B19: 12 | C19: =2*B19+2*2 | D19: 0 | E19: 0 | F19: =SUM(C19:E19) | G19: 11 Running orders +1 FD exp.10h rel on 23/7[194] | J19: Himangshu/Sanjeev Kumar/Lavish/HarshVardhan | N19: 1 | Q19: Not listed as of 1/8/22- sought listing as well as issue of 12mh till Jul;4h to be rel on 28/9 (14h as on 14/11);8h rel on 3/4[32]; 10h rel on 10/4-to be used in Apr TS[42];10h rel on 8/7[52];16h rel on 29/8[68];16h rel on 14/10[84];12h rel on 25/11[96];16h rel on 30/12[112];7 h rel on 21/2[135];6 h rel on 5/4[141];21h rel on 15/4[162];10h rel on 23/7[194]
A20: B359 | D20: 0 | E20: 0 | F20: =SUM(C20:E20) | J20: Chandrashekhar/Sumanta Mondal/Abhishek/Sarvesh Kumar | Q20: 24h relsd on 30/3/22;24h relsd on 2/8/2216mh rel on 5/3/25[232]
A21: B378 | B21: 20 | C21: =2*B21+2*4 | D21: =8*23.5 | E21: =8*1 | F21: =SUM(C21:E21) | G21: 20 ord Expediting(incl 7ord FD sub exp); Inspn: YIL(639-PP FAT))-30/5-9/6,26,Doc rev/IRN-30/6(7.5d);Schneider -PO 725-9,25-27/6(4d);Stardrive B/D- 19,20,doc rev/irn end 30/6 (2.5d);Paramount/C&S-18&23,doc rev-30/6(2.5d);611-Microfinish-11-13/6(3d);836-Hitachi-13-16 &20/6 (3d);821-Kalpa-12/6(1d);Mtg. with YIL for resolving o/s Hold-ups in FAT & procurement resply;Meeting/rev. of Cryo Test procedure & expediting of o/s issues(1d);200h rel on 23/7/25[4528] | J21: Chandrashekhar/Sumanta Mondal/Ajay Gupta/Rajeev Kr Khandelwal/Prakash Jagarwal/Deepak Dinkar -GAIL Usar | N21: 0 | Q21: 15h relsd on 8/6/22 - auth avl for BT/US;28 h bkd as on 1/8/22- so not asked for anything in Jul;28h rel on 30/8/22;40h rel on 27/9(116h);136 as on 28/10;40mh rel on 6/12(200 as on 6/12);70mh rel on 9/1/23(270 as on 10/1);70 h on 9/2[340];50h in place of 96 sought on 13/3[390];130mh rel on 10/4[520];80 h rel in place of 116 sought[600];bal 36h rel on 18/5 [636];70h rel against 108 sought on 8/6 [706];160h rel against 164 sought on 10/7[866];100h rel on 8/8 against 156 sought[966];60h rel ag.168h sought on 12/9 [1126];185 rel. on 5/10[1311];88h rel in Nov [1399];92h rel on 12/12[1491];130h rel on 5/1[1621]; 356h excess bkd in Dec[1977];114h rel on 2/2[2091]140h rel on 13/3[2231];120h rel on 5/4[2351];92h rel on 13/5;95h rel on 10/7[2598];100h rel on 9/8 [2698];130h rel on 9/9[2828];210 rel on 10/10[3038];140h rel on 13/11[3178]; 140 h rel on 26/12[3318];150h rel on 13/1[3468];100h rel on 21/1[3568];140h rel on 12/2[3708];150 mh rel on 17/3[3858];155 mh rel on 15/4[4009];160h rel on 20/5; 160h rel on 16/6[4328];200h rel on 23/7/25[4528]
A22: B414 | B22: 4 | C22: =2*B22+1*4 | D22: =8*2.5 | E22: 0 | F22: =SUM(C22:E22) | G22: 4 orders ( incl. 3Running orders & 1FD expediting); Insp: PO 62-HBL Batteries-11-12/6(2d);Pace process/Schneider QAP appls.-18/6(0.5d); | J22: Himangshu Pal/ Shnaoli Nath | Q22: 96h issued on 6/7/23; B414- 200mh rel on 23/8/23 with time period upto Oct'23(though we had not sought any mh for Jul); [296] ason 13/3 - 133h avl as on 13/3;29h avl as on 8/4;29mh (earl avl) time ext. recd on 13/8/24);212 h rel on 14/10[518]
A23: B436 | B23: 1 | C23: 2 | D23: 0 | E23: 0 | F23: =SUM(C23:E23) | G23: SCADA order on ABB | J23: T Ravi/Sangram Mishra/NS Vasudev | P23: 10h rel on 22/5;26h rel on 12/10[38]
A24: B440 | B24: 15 | C24: =2*B24 + 1*4 | D24: =8*0.5 | E24: 0 | F24: =SUM(C24:E24) | G24: Desk expediting, QAP appl if SITP not avl,TPI IRN end.,OCS; 80 +80 Mandays(E+I);1 ord on 2L Eng. Recd on 3/4/23; 8h to be sought in May'23; 2 ord exp-8h for Jul'23; As per HO mail dt 11/9/23, MH are not being relsd & exp. Is being done by Pjts - Accordingly, we may not involve; Spl. reqts for IBA appd tptr & freight upto site. ; For Sep: 4ord exp + Rev & Comments on Technicas Insp. related issues - 27/10/23 ;For Nov: 4 ord exp(incl 1 OCS)+tech. clarification on Tech.Reuni Pkg ord; Dec: 6/12- Appl of WPS/PQR rev of TR pkg; ITP R4 reviewed on 16/1/24; WPS/PQR review/clarifications-12/2; IBR certification clarification-14/2; INSPECTION AND TEST PLAN FOR STRUCUTRUAL STEEL FABRICATION OF RADIANT, HEATER & APH - 03-FF-00-051 on 14/3; IRN rev & endors for Plates & Spares on 18 & 22/3(1d); Revised ICP sub on 19/4; ITP for Pr. Part Fabrication appd on 22/4; ITP for Return Bends-8/5;INSPECTION AND TEST PLAN FOR CASTST RETURN BENDS -app on 17/5, clarifications-29/5;Study & Clarification on IGC reqt-7/6;QAP appl of Exp. Joints & Tube seals(14/6); IL ord 48 0 not yet in EPS; Tech. clar. & doc. rev. of Tecnicas - VFDs TPI doc rev. on 13/8/24; MF EPCG license f/up; Doc rev. & IRN endors. of Centrifugally Cast Support on 13/9; Plantech - Line stop fittings/TOR fittings- Doc rev/IRN endors:Hydrocyclone QAP rev-1/10; TR/ABB-VFD Doc rev/IRN end: 16/10; BHEL/Tmeic VFD insp- 28,29/10;Nov: 16 ord (incl.4 FD expediting)+ Insp: TMeic (BHEL S/o)-Drives-8,18/11;Doc Rev/IRN endors: CGL Drives-19/11;Tecnicas/TLT -ID/FD Fans-20/11; Tecnicas/ABB-VFD-13/11; TR - Rev/IRN endors of Exp.Joints & Tube seals(17/12);12ord exp (incl 1 FD sub);Jan:25: 12ord exp (incl 1 FD sub);Feb25: 12 ord (incl 2 FD sub);Mar25:12 ord (incl 2 FD sub; KSBMIL - Rev. & IRN endorsement of 4 lots Control Valves; Apr25: 15ord( inc 2 ord FD sub+1OCS);PO131-rev/end of TPI recds - 4h; May'25: 16ord(incl.1ord FD sub & 1OCS);Jun'25: 15ord(incl.2 ord FD sub);PO155(End of TPI IRN)-26/6(0.5d);30h rel on 24/7[290] | J24: Himangshu Pal/Sanjeev Kumar/Ayush Mathur/Shivaji/VVR Murthy | P24: 24h rel. on 5/10;4h rel on 29/2 [56]8h rel on 5/4[64];12h rel on 17/8[90];20h rel on 17/9[110];:16h rel on 10/10[127];18h rel pn 18/11[145]; 30h rel on 26/12[175];20h rel on 10/2[195] ; 35h rel on 21/4[230];15 h rel on 24/5[245]; 15 rel on 16/6[260]
A25: B448 | B25: 1 | C25: 0 | D25: 0 | E25: 0 | F25: =SUM(C25:E25) | G25: Insp. & exp. Of Direct ordered items; For LSTK, insp@ payment on manday item rate;resolution of queries on insp from bid till compln. Of pjt;expediting, if reqd. by Owner - | J25: Himangshu Pal/Sanjeev Kumar/UK Mishra/NS Vasudev | Q25: 12 h issued on 11/1;4h rel on 11/3[22];8h rel on 6/4[30];20h rel on 11/5 [50];2h rel on 9/10 (sep ts closed so used in Oct)[56];2h rel on 10/4- to be used in Apr TS[56];18h rel on 22/5[74];4h rel on 1/7[78]; 16h rel on 27/8[110];8h rel on 4/3 [160];32h rel on 21/4[192]
A26: B519 | B26: 3 | C26: =2*B26+1*4 | D26: 0 | E26: 0 | F26: =SUM(C26:E26) | G26: As per Pjt Prof, desk expediting by HO team, unless specifically sought from RPO(critical items). -Insp.(within4 days of call) & FD cert. by us - OCS not applicable. Insp @MIL -PO6823- 22/11; Insp@MIL on 9/12; Mtg. with YIL to expedite Analyser order (being followed up by Client); Mar25: 4 ord expediting - Check OCS status of B519/6821-YIL - shown o/s in Consolidated EPS rept; Apr'25: 2 runn ord (FD exp)+1OCS; May'25-1run ord+2ord FD exp | J26: Chandrashekhar/HarshVardan/Prakash Jagarwal/DSNMurty
A27: B548 | B27: 0 | C27: 0 | D27: 0 | E27: 0 | F27: =SUM(C27:E27) | G27: Alleima- Exchanger - Exp+QAP comments - ITP R1- rev-6/2; Control Panel ITP rev- 7/2; FAT of TCP rev-12/2; Mtg/communications for resolution of issue w.r.t Heating Element MOC - 6,9/2; Nov: 1 OCS + Insp. - Emerson S/o on Microfinish - 27/11 & 20/12 | J27: HP/Sanjeev Kr/T Ravi/NS Vasudev/Sanjeev Kr Gupta | P27: 8h all on 30/5;4h on 7/8[20];Dec/Jan/Feb-4h each[32];4h rel on 10/4- Mar TS closed- to be used in Apr[36];4h rel on 24/6[40];4h rel on 9/7[44];4h rel on 12/9[48];4h rel on 30/12[52];12h rel on 30/12[64]
A28: B559 | B28: 5 | C28: =2*B28 | D28: 0 | E28: 0 | F28: =SUM(C28:E28) | G28: IOCL Biturox,Vad-Proj. Prof. uploaded on 20/3- Desk Expediting - NO OCS; 4 orders expediting | J28: Sanjay Choudhary/SK Gayen/RK Gupta | P28: 86h rel on 13/3 [86];104h rel on 1/4[190]; 72 sought for Apr- 160 issued considering upcoming Chiller insp (88h extra avl. For May'24[350]-20h rel on 29/5[370];60mh rel on 1/7[386];20mh rel on 1/8[406];16h rel on 25/10[422];1h rel on 24/6 in B559-01[1]
A29: B560 | B29: 13 | C29: =2*B29 | E29: 0 | F29: =SUM(C29:E29) | G29: Req.from ED(I) for expediting on 15/6/24 - 13 orders (incl.9FD exp & 1 OCS) & OCS also to be made as per latest reqt.; | J29: Chandrashekhar/Vinod Kumar/RK Medhavi | P29: 100h rel on 23/4
A30: B589 | B30: 0 | C30: 0 | D30: 0 | E30: 0 | F30: 0 | J30: Himangshu Pal/Sanjeev Kr/T Ravi/NS Vasudev/Sanjeev Kr Gupta | P30: 8h rel on 6/6;8h on 7/8[18];8in oct,8 in dec,4 in Jan[38];12 on 5/4[50];8h rel on 10/4-Mar TS closed - to be used in Apr.[58];8h rel on 24/6[64];8h rel on 17/8[78];8h rel on 5/9[86];8h rel on 11/9[94]
A31: B650 | B31: 2 | C31: =B31*2 | F31: =SUM(C31:E31) | G31: No scope for RPO - however, OCS to be done | J31: Sanjay Choudhary/Siddant Kumar
A32: B653 | B32: 13 | C32: =2*B32+1*4 | E32: 8 | F32: =SUM(C32:E32) | G32: Expediting by RPOs as per email dtd 22/10/24, OCS by RPO as per CS mail dt 17/1; (13 running ord+1OCS);Univ Insts -Rev. mtg & Show Cause Notice issue reco. -8h;40h rel on 23/7[80] | J32: Sanjeev Kumar/Aasheesh Handa/Amandeep Kaur | P32: 40h rel on 9/4/24 [40];40h rel on 23/7[80]
A33: B725 | B33: 2 | D33: 0 | E33: 0 | F33: =SUM(C33:E33) | G33: No expediting; | J33: Himangshu/Sanjeev Kumar- Scope: Rev. of ITP,Insp Docs & FD | P33: 4h sought by BT on 27/5 to Sanjeev Kr
A34: B767 | D34: 0 | E34: 0 | F34: =SUM(C34:E34) | J34: Himangshu Pal/Vikalp Paliwal/Balakumar | P34: 200 h rel on 8/8/23;20h bkd in Aug; Next tranche of 200h relsd on 10/1/24 (for period Dec to Feb'24)[400];Next tranche of 250h relsd on 9/7/24 (for period Dec'24)[650]-50h rel on 31/3 [700]
A35: B795 | B35: 2 | D35: 0 | F35: =SUM(C35:E35) | G35: QAP appl. & Insp. in EIL scope | J35: G Suresh/Hemant Gadasia/Tarun Bansal/Dipak Panchal | P35: 32h rels. On 12/9;64h on 16/1; addl 100h rel on 20/1 [276]
A36: B813 | B36: 1 | C36: =2*B36 | F36: =SUM(C36:E36) | G36: Expedite & Inspect critical items (list provided in mail dt.29/5/25) EIL on man-day reimbursable basis - 1 order on KSBMIL | J36: Sanjeev Kumar/Raviraj/Shivaji | M36: NRL-Aqueous Ammonia Unit
A37: B862 | B37: 1 | C37: =B37*2 | F37: =SUM(C37:E37) | G37: manhour for Level- 13 (Group-2), Level -15 & 16 (Group-4) and Level-18 (Group-5) have far exceeded ceiling prescribed in the contract - >Lvl 17-mh limited to 16% | J37: Himangshu Pal/Sanjeev Kumar/Rajeev Khandelwal IOM 10/7/24 from Mr Rajeev Khandelwal on level wise breakup of MH to be booked - to be followed while seeking MH. | M37: PLL | P37: 200h rel in May'25
A38: B865 | B38: 1 | G38: EIL-Inspection scope of work is limited to review & approval of QAP and providing dispatch clearance; Moreover, as per contract provision, HPCL may request for inspection by EIL as & when they found it necessary which will be over & above the TPIA inspection and manhours for same shall be reimbursed by HPCL for such shop visits - No expediting at RPO | J38: Avdesh Agrawal | M38: HPCL Petchem Mktg Terminal
A39: B903 | B39: 3 | C39: =2*B39 | F39: =SUM(C39:E39) | G39: 6mh rel on 25/7[16] | J39: Sanjeev Kumar/Shnaoli
A40: B904 | B40: 1 | C40: =2*1 | F40: =SUM(C40:E40) | G40: 2mh rel on 25/7[6] | J40: Sanjeev Kumar/Shnaoli | O40: Proj. prof. n.avl.
A41: C007 | B41: 11 | D41: =8*B41 | F41: =SUM(C41:E41) | G41: Suryaroshni deputation from 16/6 to 28/6-11d;88h rel on 23/7[88] | J41: Himangshu Pal/Hemant Gadasia
A42: Leave | B42: 2 | F42: =8*B42 | G42: VR:1; AG:;SV-;US: ;BT-16;NV | O42: =F42-N42 | P42: 68
A43: Total | B43: =SUM(B10:B42) | F43: =SUM(F4:F42) | O43: =F43-N43 | P43: =SUM(P10:P42) | Q43: =672-P43
I44: =52*5*3- 36
A45: Notes:
A46: 1. If there are any other job nos., pl. include the same.
A47: Guidelines :
A48: 1. Inspection Visit including review and endorsement of final documents: At actual
A49: 2. Expediting and preparation of expediting report: Average 2 hours /month /order ( No separate man hours for coordination )
A50: 3. Expediting visit/ Attending meeting with project/.Client: At actual
A51: 4. Review of ITP for Bulk items under package order: Average 1 hour/ ITP ( No man hours for standard EIL ITP being used by the supplier/Contractor)
A52: 5. Review of ITP for Equipment (Mechanical and Electrical/DCS etc): Average 2 hours/order
A53: 6. Endorsement of IRN issued by the TPIA and issue of despatch Clearance on review of Inspection documents as per scope defined in project profile/original contract for Bulk items: 4 Hour/IRN of TPIA
A54: 7. Endorsement of IRN issued by the TPIA and issue of despatch Clearance on review of Inspection documents as per project profile/contract for Equipment like Column/ DCS/Compressor/Pumps etc: 8 Hours/IRN of TPIA
A55: 8. Order Closing report: Average 2 hours/Order

Sheet Jun25
A1: RPO : Bengaluru | D1: LOCATION CODE : 18-42-506 | H1: MONTH : | I1: 45809 | M1: Total MH reqd: | O1: =ConsolidatedMHrequirementJun25!A2
A3: Job No | B3: Number of Purchase Orders | C3: No of Engineers deployed | D3: No of Inspn / Expediting Visits | E3: No of Expediting Reports / Desk expediting | F3: No of OCRs | G3: Manhours for Inspection | H3: Manhours for expediting | I3: Others | J3: Total Manhours required | K3: Recd as on 25/07/25 | L3: Shortfall
A4: 4994 | B4: =ConsolidatedMHrequirementJun25!B4 | G4: =ConsolidatedMHrequirementJun25!D4 | H4: =ConsolidatedMHrequirementJun25!C4 | I4: =ConsolidatedMHrequirementJun25!E4 | J4: =VLOOKUP(A4,ConsolidatedMHrequirementJun25!$A$4:$I$42,6,FALSE) | K4: 16 | L4: =J4-K4 | M4: =ConsolidatedMHrequirementJun25!G4
A5: 6979 | B5: =ConsolidatedMHrequirementJun25!B5 | G5: =ConsolidatedMHrequirementJun25!D5 | H5: =ConsolidatedMHrequirementJun25!C5 | I5: =ConsolidatedMHrequirementJun25!E5 | J5: =VLOOKUP(A5,ConsolidatedMHrequirementJun25!$A$4:$I$42,6,FALSE) | L5: =J5-K5 | M5: =ConsolidatedMHrequirementJun25!G5
A6: 7716 | B6: =ConsolidatedMHrequirementJun25!B6 | G6: =ConsolidatedMHrequirementJun25!D6 | H6: =ConsolidatedMHrequirementJun25!C6 | I6: =ConsolidatedMHrequirementJun25!E6 | J6: =VLOOKUP(A6,ConsolidatedMHrequirementJun25!$A$4:$I$42,6,FALSE) | L6: =J6-K6 | M6: =ConsolidatedMHrequirementJun25!G6
A7: 8518 | B7: =ConsolidatedMHrequirementJun25!B7 | G7: =ConsolidatedMHrequirementJun25!D7 | H7: =ConsolidatedMHrequirementJun25!C7 | I7: =ConsolidatedMHrequirementJun25!E7 | J7: =VLOOKUP(A7,ConsolidatedMHrequirementJun25!$A$4:$I$42,6,FALSE) | K7: 600 | L7: =J7-K7 | M7: =ConsolidatedMHrequirementJun25!G7
A8: 8590 | B8: =ConsolidatedMHrequirementJun25!B8 | G8: =ConsolidatedMHrequirementJun25!D8 | H8: =ConsolidatedMHrequirementJun25!C8 | I8: =ConsolidatedMHrequirementJun25!E8 | J8: =VLOOKUP(A8,ConsolidatedMHrequirementJun25!$A$4:$I$42,6,FALSE) | L8: =J8-K8 | M8: =ConsolidatedMHrequirementJun25!G8
A9: B016 | B9: =ConsolidatedMHrequirementJun25!B9 | G9: =ConsolidatedMHrequirementJun25!D9 | H9: =ConsolidatedMHrequirementJun25!C9 | I9: =ConsolidatedMHrequirementJun25!E9 | J9: =VLOOKUP(A9,ConsolidatedMHrequirementJun25!$A$4:$I$42,6,FALSE) | L9: =J9-K9 | M9: =ConsolidatedMHrequirementJun25!G9
A10: B035 | B10: =ConsolidatedMHrequirementJun25!B10 | G10: =ConsolidatedMHrequirementJun25!D10 | H10: =ConsolidatedMHrequirementJun25!C10 | I10: =ConsolidatedMHrequirementJun25!E10 | J10: =VLOOKUP(A10,ConsolidatedMHrequirementJun25!$A$4:$I$42,6,FALSE) | L10: =J10-K10 | M10: =ConsolidatedMHrequirementJun25!G10
A11: B038 | B11: =ConsolidatedMHrequirementJun25!B11 | F11: 1 | G11: =ConsolidatedMHrequirementJun25!D11 | H11: =ConsolidatedMHrequirementJun25!C11 | I11: =ConsolidatedMHrequirementJun25!E11 | J11: =VLOOKUP(A11,ConsolidatedMHrequirementJun25!$A$4:$I$42,6,FALSE) | L11: =J11-K11 | M11: 1order OCS | V11: pending mh to be filled: | X11: MH avl
A12: B058 | B12: =ConsolidatedMHrequirementJun25!B12 | G12: =ConsolidatedMHrequirementJun25!D12 | H12: =ConsolidatedMHrequirementJun25!C12 | I12: =ConsolidatedMHrequirementJun25!E12 | J12: =VLOOKUP(A12,ConsolidatedMHrequirementJun25!$A$4:$I$42,6,FALSE) | L12: =J12-K12 | M12: =ConsolidatedMHrequirementJun25!G12
A13: B224 | B13: =ConsolidatedMHrequirementJun25!B13 | G13: =ConsolidatedMHrequirementJun25!D13 | H13: =ConsolidatedMHrequirementJun25!C13 | I13: =ConsolidatedMHrequirementJun25!E13 | J13: =VLOOKUP(A13,ConsolidatedMHrequirementJun25!$A$4:$I$42,6,FALSE) | K13: 150 | L13: =J13-K13 | M13: =ConsolidatedMHrequirementJun25!G13
A14: B229 | B14: =ConsolidatedMHrequirementJun25!B14 | G14: =ConsolidatedMHrequirementJun25!D14 | H14: =ConsolidatedMHrequirementJun25!C14 | I14: =ConsolidatedMHrequirementJun25!E14 | J14: =VLOOKUP(A14,ConsolidatedMHrequirementJun25!$A$4:$I$42,6,FALSE) | L14: =J14-K14 | M14: =ConsolidatedMHrequirementJun25!G14
A15: B269 | B15: =ConsolidatedMHrequirementJun25!B15 | G15: =ConsolidatedMHrequirementJun25!D15 | H15: =ConsolidatedMHrequirementJun25!C15 | I15: =ConsolidatedMHrequirementJun25!E15 | J15: =VLOOKUP(A15,ConsolidatedMHrequirementJun25!$A$4:$I$42,6,FALSE) | K15: 80 | L15: =J15-K15 | M15: =ConsolidatedMHrequirementJun25!G15
A16: B285 | B16: =ConsolidatedMHrequirementJun25!B16 | G16: =ConsolidatedMHrequirementJun25!D16 | H16: =ConsolidatedMHrequirementJun25!C16 | I16: =ConsolidatedMHrequirementJun25!E16 | J16: =VLOOKUP(A16,ConsolidatedMHrequirementJun25!$A$4:$I$42,6,FALSE) | L16: =J16-K16 | M16: =ConsolidatedMHrequirementJun25!G16
A17: B297 | B17: =ConsolidatedMHrequirementJun25!B17 | G17: =ConsolidatedMHrequirementJun25!D17 | H17: =ConsolidatedMHrequirementJun25!C17 | I17: =ConsolidatedMHrequirementJun25!E17 | J17: =VLOOKUP(A17,ConsolidatedMHrequirementJun25!$A$4:$I$42,6,FALSE) | L17: =J17-K17 | M17: =ConsolidatedMHrequirementJun25!G17
A18: B302 | B18: =ConsolidatedMHrequirementJun25!B18 | G18: =ConsolidatedMHrequirementJun25!D18 | H18: =ConsolidatedMHrequirementJun25!C18 | I18: =ConsolidatedMHrequirementJun25!E18 | J18: =VLOOKUP(A18,ConsolidatedMHrequirementJun25!$A$4:$I$42,6,FALSE) | K18: 32 | L18: =J18-K18 | M18: =ConsolidatedMHrequirementJun25!G18
A19: B348 | B19: =ConsolidatedMHrequirementJun25!B19 | G19: =ConsolidatedMHrequirementJun25!D19 | H19: =ConsolidatedMHrequirementJun25!C19 | I19: =ConsolidatedMHrequirementJun25!E19 | J19: =VLOOKUP(A19,ConsolidatedMHrequirementJun25!$A$4:$I$42,6,FALSE) | K19: 10 | L19: =J19-K19 | M19: =ConsolidatedMHrequirementJun25!G19
A20: B359 | B20: =ConsolidatedMHrequirementJun25!B20 | G20: =ConsolidatedMHrequirementJun25!D20 | H20: =ConsolidatedMHrequirementJun25!C20 | I20: =ConsolidatedMHrequirementJun25!E20 | J20: =VLOOKUP(A20,ConsolidatedMHrequirementJun25!$A$4:$I$42,6,FALSE) | L20: =J20-K20 | M20: =ConsolidatedMHrequirementJun25!G20
A21: B378 | B21: =ConsolidatedMHrequirementJun25!B21 | G21: =ConsolidatedMHrequirementJun25!D21 | H21: =ConsolidatedMHrequirementJun25!C21 | I21: =ConsolidatedMHrequirementJun25!E21 | J21: =VLOOKUP(A21,ConsolidatedMHrequirementJun25!$A$4:$I$42,6,FALSE) | K21: 200 | L21: =J21-K21 | M21: =ConsolidatedMHrequirementJun25!G21
A22: B414 | B22: =ConsolidatedMHrequirementJun25!B22 | G22: =ConsolidatedMHrequirementJun25!D22 | H22: =ConsolidatedMHrequirementJun25!C22 | I22: =ConsolidatedMHrequirementJun25!E22 | J22: =VLOOKUP(A22,ConsolidatedMHrequirementJun25!$A$4:$I$42,6,FALSE) | L22: =J22-K22 | M22: =ConsolidatedMHrequirementJun25!G22
A23: B436 | B23: =ConsolidatedMHrequirementJun25!B23 | G23: =ConsolidatedMHrequirementJun25!D23 | H23: =ConsolidatedMHrequirementJun25!C23 | I23: =ConsolidatedMHrequirementJun25!E23 | J23: =VLOOKUP(A23,ConsolidatedMHrequirementJun25!$A$4:$I$42,6,FALSE) | L23: =J23-K23 | M23: =ConsolidatedMHrequirementJun25!G23
A24: B440 | B24: =ConsolidatedMHrequirementJun25!B24 | G24: =ConsolidatedMHrequirementJun25!D24 | H24: =ConsolidatedMHrequirementJun25!C24 | I24: =ConsolidatedMHrequirementJun25!E24 | J24: =VLOOKUP(A24,ConsolidatedMHrequirementJun25!$A$4:$I$42,6,FALSE) | K24: 0 | L24: =J24-K24 | M24: =ConsolidatedMHrequirementJun25!G24
A25: B448 | B25: =ConsolidatedMHrequirementJun25!B25 | G25: =ConsolidatedMHrequirementJun25!D25 | H25: =ConsolidatedMHrequirementJun25!C25 | I25: =ConsolidatedMHrequirementJun25!E25 | J25: =VLOOKUP(A25,ConsolidatedMHrequirementJun25!$A$4:$I$42,6,FALSE) | L25: =J25-K25 | M25: =ConsolidatedMHrequirementJun25!G25
A26: B519 | B26: =ConsolidatedMHrequirementJun25!B26 | G26: =ConsolidatedMHrequirementJun25!D26 | H26: =ConsolidatedMHrequirementJun25!C26 | I26: =ConsolidatedMHrequirementJun25!E26 | J26: =VLOOKUP(A26,ConsolidatedMHrequirementJun25!$A$4:$I$42,6,FALSE) | L26: =J26-K26 | M26: =ConsolidatedMHrequirementJun25!G26 | V26: Shortage
A27: B548 | B27: =ConsolidatedMHrequirementJun25!B27 | G27: =ConsolidatedMHrequirementJun25!D27 | H27: =ConsolidatedMHrequirementJun25!C27 | I27: =ConsolidatedMHrequirementJun25!E27 | J27: =VLOOKUP(A27,ConsolidatedMHrequirementJun25!$A$4:$I$42,6,FALSE) | L27: =J27-K27 | M27: =ConsolidatedMHrequirementJun25!G27
A28: B559 | B28: =ConsolidatedMHrequirementJun25!B28 | G28: =ConsolidatedMHrequirementJun25!D28 | H28: =ConsolidatedMHrequirementJun25!C28 | I28: =ConsolidatedMHrequirementJun25!E28 | J28: =VLOOKUP(A28,ConsolidatedMHrequirementJun25!$A$4:$I$42,6,FALSE) | L28: =J28-K28 | M28: =ConsolidatedMHrequirementJun25!G28
A29: B560 | B29: =ConsolidatedMHrequirementJun25!B29 | G29: =ConsolidatedMHrequirementJun25!D29 | H29: =ConsolidatedMHrequirementJun25!C29 | I29: =ConsolidatedMHrequirementJun25!E29 | J29: =VLOOKUP(A29,ConsolidatedMHrequirementJun25!$A$4:$I$42,6,FALSE) | L29: =J29-K29 | M29: =ConsolidatedMHrequirementJun25!G29
A30: B589 | B30: =ConsolidatedMHrequirementJun25!B30 | G30: =ConsolidatedMHrequirementJun25!D30 | H30: =ConsolidatedMHrequirementJun25!C30 | I30: =ConsolidatedMHrequirementJun25!E30 | J30: =VLOOKUP(A30,ConsolidatedMHrequirementJun25!$A$4:$I$42,6,FALSE) | L30: =J30-K30 | M30: =ConsolidatedMHrequirementJun25!G30
A31: B650 | B31: =ConsolidatedMHrequirementJun25!B31 | G31: =ConsolidatedMHrequirementJun25!D31 | H31: =ConsolidatedMHrequirementJun25!C31 | I31: =ConsolidatedMHrequirementJun25!E31 | J31: =VLOOKUP(A31,ConsolidatedMHrequirementJun25!$A$4:$I$42,6,FALSE) | L31: =J31-K31 | M31: =ConsolidatedMHrequirementJun25!G31
A32: B653 | B32: =ConsolidatedMHrequirementJun25!B32 | G32: =ConsolidatedMHrequirementJun25!D32 | H32: =ConsolidatedMHrequirementJun25!C32 | I32: =ConsolidatedMHrequirementJun25!E32 | J32: =VLOOKUP(A32,ConsolidatedMHrequirementJun25!$A$4:$I$42,6,FALSE) | K32: 40 | L32: =J32-K32 | M32: =ConsolidatedMHrequirementJun25!G32
A33: B725 | B33: =ConsolidatedMHrequirementJun25!B33 | G33: =ConsolidatedMHrequirementJun25!D33 | H33: =ConsolidatedMHrequirementJun25!C33 | I33: =ConsolidatedMHrequirementJun25!E33 | J33: =VLOOKUP(A33,ConsolidatedMHrequirementJun25!$A$4:$I$42,6,FALSE) | L33: =J33-K33 | M33: =ConsolidatedMHrequirementJun25!G33
A34: B767 | B34: =ConsolidatedMHrequirementJun25!B34 | G34: =ConsolidatedMHrequirementJun25!D34 | H34: =ConsolidatedMHrequirementJun25!C34 | I34: =ConsolidatedMHrequirementJun25!E34 | J34: =VLOOKUP(A34,ConsolidatedMHrequirementJun25!$A$4:$I$42,6,FALSE) | L34: =J34-K34 | M34: =ConsolidatedMHrequirementJun25!G34
A35: B795 | B35: =ConsolidatedMHrequirementJun25!B35 | G35: =ConsolidatedMHrequirementJun25!D35 | H35: =ConsolidatedMHrequirementJun25!C35 | I35: =ConsolidatedMHrequirementJun25!E35 | J35: =VLOOKUP(A35,ConsolidatedMHrequirementJun25!$A$4:$I$42,6,FALSE) | L35: =J35-K35 | M35: =ConsolidatedMHrequirementJun25!G35
A36: B813 | B36: =ConsolidatedMHrequirementJun25!B36 | G36: =ConsolidatedMHrequirementJun25!D36 | H36: =ConsolidatedMHrequirementJun25!C36 | I36: =ConsolidatedMHrequirementJun25!E36 | J36: =VLOOKUP(A36,ConsolidatedMHrequirementJun25!$A$4:$I$42,6,FALSE) | L36: =J36-K36 | M36: =ConsolidatedMHrequirementJun25!G36
A37: B862 | B37: =ConsolidatedMHrequirementJun25!B37 | G37: =ConsolidatedMHrequirementJun25!D37 | H37: =ConsolidatedMHrequirementJun25!C37 | I37: =ConsolidatedMHrequirementJun25!E37 | J37: =VLOOKUP(A37,ConsolidatedMHrequirementJun25!$A$4:$I$42,6,FALSE) | L37: =J37-K37 | M37: =ConsolidatedMHrequirementJun25!G37
A38: B865 | B38: =ConsolidatedMHrequirementJun25!B38 | G38: =ConsolidatedMHrequirementJun25!D38 | H38: =ConsolidatedMHrequirementJun25!C38 | I38: =ConsolidatedMHrequirementJun25!E38 | J38: =VLOOKUP(A38,ConsolidatedMHrequirementJun25!$A$4:$I$42,6,FALSE) | L38: =J38-K38 | M38: =ConsolidatedMHrequirementJun25!G38
A39: B903 | B39: =ConsolidatedMHrequirementJun25!B39 | G39: =ConsolidatedMHrequirementJun25!D39 | H39: =ConsolidatedMHrequirementJun25!C39 | I39: =ConsolidatedMHrequirementJun25!E39 | J39: =VLOOKUP(A39,ConsolidatedMHrequirementJun25!$A$4:$I$42,6,FALSE) | K39: 6 | L39: =J39-K39 | M39: =ConsolidatedMHrequirementJun25!G39
A40: B904 | B40: =ConsolidatedMHrequirementJun25!B40 | G40: =ConsolidatedMHrequirementJun25!D40 | H40: =ConsolidatedMHrequirementJun25!C40 | I40: =ConsolidatedMHrequirementJun25!E40 | J40: =VLOOKUP(A40,ConsolidatedMHrequirementJun25!$A$4:$I$42,6,FALSE) | K40: 2 | L40: =J40-K40 | M40: =ConsolidatedMHrequirementJun25!G40
A41: C007 | B41: =ConsolidatedMHrequirementJun25!B41 | G41: =ConsolidatedMHrequirementJun25!D41 | H41: =ConsolidatedMHrequirementJun25!C41 | I41: =ConsolidatedMHrequirementJun25!E41 | J41: =VLOOKUP(A41,ConsolidatedMHrequirementJun25!$A$4:$I$42,6,FALSE) | K41: 88 | L41: =J41-K41 | M41: =ConsolidatedMHrequirementJun25!G41
A42: Leave | B42: =ConsolidatedMHrequirementJun25!B42 | G42: =ConsolidatedMHrequirementJun25!D42 | H42: =ConsolidatedMHrequirementJun25!C42 | I42: =ConsolidatedMHrequirementJun25!E42 | J42: =VLOOKUP(A42,ConsolidatedMHrequirementJun25!$A$4:$I$42,6,FALSE) | K42: 8 | L42: =J42-K42 | M42: =ConsolidatedMHrequirementJun25!G42
A43: Total | G43: =ConsolidatedMHrequirementJun25!D43 | H43: =ConsolidatedMHrequirementJun25!C43 | I43: =ConsolidatedMHrequirementJun25!E43 | J43: =VLOOKUP(A43,ConsolidatedMHrequirementJun25!$A$4:$I$43,6,FALSE) | K43: =SUM(K4:K42) | L43: =SUM(L4:L42)
A46: Guidelines :
A47: 1. Inspection Visit including review and endorsement of final documents: At actual
A48: 2. Expediting and preparation of expediting report: Average 2 hours /month /order ( No separate man hours for coordination )
A49: 3. Expediting visit/ Attending meeting with project/.Client: At actual
A50: 4. Review of ITP for Bulk items under package order: Average 1 hour/ ITP ( No man hours for standard EIL ITP being used by the supplier/Contractor)
A51: 5. Review of ITP for Equipment (Mechanical and Electrical/DCS etc): Average 2 hours/order
A52: 6. Endorsement of IRN issued by the TPIA and issue of despatch Clearance on review of Inspection documents as per scope defined in project profile/original contract for Bulk items: 4 Hour/IRN of TPIA
A53: 7. Endorsement of IRN issued by the TPIA and issue of despatch Clearance on review of Inspection documents as per project profile/contract for Equipment like Column/ DCS/Compressor/Pumps etc: 8 Hours/IRN of TPIA
A54: 8. Order Closing report: Average 2 hours/Order

Sheet Apr-Jun25PjtMHShortfall
A3: Job number | B3: Manhour sought | E3: Total required (Apr-Jun'25) | G3: Manhour allocated | K3: Manhour pending from project as on 22/7/25 | M3: Final 8518 Bkd | P3: Monthwise Total
B4: April | C4: May | D4: June | G4: April | H4: May | I4: June | M4: Apr | N4: May | O4: Jun | P4: 45748 | Q4: 960
A5: ='Jun25'!A4 | B5: =IFERROR(VLOOKUP('Apr-Jun25PjtMHShortfall'!A5,'Apr25'!$A$5:$L$36,10,FALSE),0) | C5: ='May25'!J4 | D5: ='Jun25'!J4 | E5: =SUM(B5:D5) | G5: =IFERROR(VLOOKUP('Apr-Jun25PjtMHShortfall'!A5,'Apr25'!$A$5:$L$36,11,FALSE),0) | H5: =IFERROR(VLOOKUP('Apr-Jun25PjtMHShortfall'!A5,'May25'!$A$4:$L$36,11,FALSE),0) | I5: =IFERROR(VLOOKUP('Apr-Jun25PjtMHShortfall'!A5,'Jun25'!$A$4:$L$36,11,FALSE),0) | K5: =E5-G5-H5-I5 | M5: 92 | N5: 558 | O5: 773 | P5: 45778 | Q5: 1008
A6: ='Jun25'!A5 | B6: =IFERROR(VLOOKUP('Apr-Jun25PjtMHShortfall'!A6,'Apr25'!$A$5:$L$36,10,FALSE),0) | C6: ='May25'!J5 | D6: ='Jun25'!J5 | E6: =SUM(B6:D6) | G6: =IFERROR(VLOOKUP('Apr-Jun25PjtMHShortfall'!A6,'Apr25'!$A$5:$L$36,11,FALSE),0) | H6: =IFERROR(VLOOKUP('Apr-Jun25PjtMHShortfall'!A6,'May25'!$A$4:$L$36,11,FALSE),0) | I6: =IFERROR(VLOOKUP('Apr-Jun25PjtMHShortfall'!A6,'Jun25'!$A$5:$L$36,11,FALSE),0) | K6: =E6-G6-H6-I6 | P6: 45809 | Q6: 1008
A7: ='Jun25'!A6 | B7: =IFERROR(VLOOKUP('Apr-Jun25PjtMHShortfall'!A7,'Apr25'!$A$5:$L$36,10,FALSE),0) | C7: ='May25'!J6 | D7: ='Jun25'!J6 | E7: =SUM(B7:D7) | G7: =IFERROR(VLOOKUP('Apr-Jun25PjtMHShortfall'!A7,'Apr25'!$A$5:$L$36,11,FALSE),0) | H7: =IFERROR(VLOOKUP('Apr-Jun25PjtMHShortfall'!A7,'May25'!$A$4:$L$36,11,FALSE),0) | I7: =IFERROR(VLOOKUP('Apr-Jun25PjtMHShortfall'!A7,'Jun25'!$A$5:$L$36,11,FALSE),0) | K7: =E7-G7-H7-I7 | N7: =M5+N5+O5 | P7: Total | Q7: =SUM(Q4:Q6)
A8: ='Jun25'!A7 | B8: =IFERROR(VLOOKUP('Apr-Jun25PjtMHShortfall'!A8,'Apr25'!$A$5:$L$36,10,FALSE),0) | C8: ='May25'!J7 | D8: ='Jun25'!J7 | E8: =SUM(B8:D8) | G8: =IFERROR(VLOOKUP('Apr-Jun25PjtMHShortfall'!A8,'Apr25'!$A$5:$L$36,11,FALSE),0) | H8: =IFERROR(VLOOKUP('Apr-Jun25PjtMHShortfall'!A8,'May25'!$A$4:$L$36,11,FALSE),0) | I8: 600 | K8: =E8-G8-H8-I8
A9: ='Jun25'!A8 | B9: =IFERROR(VLOOKUP('Apr-Jun25PjtMHShortfall'!A9,'Apr25'!$A$5:$L$36,10,FALSE),0) | C9: ='May25'!J8 | D9: ='Jun25'!J8 | E9: =SUM(B9:D9) | G9: =IFERROR(VLOOKUP('Apr-Jun25PjtMHShortfall'!A9,'Apr25'!$A$5:$L$36,11,FALSE),0) | H9: =IFERROR(VLOOKUP('Apr-Jun25PjtMHShortfall'!A9,'May25'!$A$4:$L$36,11,FALSE),0) | I9: =IFERROR(VLOOKUP('Apr-Jun25PjtMHShortfall'!A9,'Jun25'!$A$5:$L$36,11,FALSE),0) | K9: =E9-G9-H9-I9 | M9: %8518: | N9: =N7/Q7
A10: ='Jun25'!A9 | B10: =IFERROR(VLOOKUP('Apr-Jun25PjtMHShortfall'!A10,'Apr25'!$A$5:$L$36,10,FALSE),0) | C10: ='May25'!J9 | D10: ='Jun25'!J9 | E10: =SUM(B10:D10) | G10: =IFERROR(VLOOKUP('Apr-Jun25PjtMHShortfall'!A10,'Apr25'!$A$5:$L$36,11,FALSE),0) | H10: =IFERROR(VLOOKUP('Apr-Jun25PjtMHShortfall'!A10,'May25'!$A$4:$L$36,11,FALSE),0) | I10: =IFERROR(VLOOKUP('Apr-Jun25PjtMHShortfall'!A10,'Jun25'!$A$5:$L$36,11,FALSE),0) | K10: =E10-G10-H10-I10 | M10: %8518 due to non availability of Pjt MH: | Q10: =SUM(K5:K7,K9:K43)
A11: ='Jun25'!A10 | B11: =IFERROR(VLOOKUP('Apr-Jun25PjtMHShortfall'!A11,'Apr25'!$A$5:$L$36,10,FALSE),0) | C11: ='May25'!J10 | D11: ='Jun25'!J10 | E11: =SUM(B11:D11) | G11: =IFERROR(VLOOKUP('Apr-Jun25PjtMHShortfall'!A11,'Apr25'!$A$5:$L$36,11,FALSE),0) | H11: =IFERROR(VLOOKUP('Apr-Jun25PjtMHShortfall'!A11,'May25'!$A$4:$L$36,11,FALSE),0) | I11: =IFERROR(VLOOKUP('Apr-Jun25PjtMHShortfall'!A11,'Jun25'!$A$5:$L$36,11,FALSE),0) | K11: =E11-G11-H11-I11 | Q11: =Q10/Q7
A12: ='Jun25'!A11 | B12: =IFERROR(VLOOKUP('Apr-Jun25PjtMHShortfall'!A12,'Apr25'!$A$5:$L$36,10,FALSE),0) | C12: ='May25'!J11 | D12: ='Jun25'!J11 | E12: =SUM(B12:D12) | G12: =IFERROR(VLOOKUP('Apr-Jun25PjtMHShortfall'!A12,'Apr25'!$A$5:$L$36,11,FALSE),0) | H12: =IFERROR(VLOOKUP('Apr-Jun25PjtMHShortfall'!A12,'May25'!$A$4:$L$36,11,FALSE),0) | I12: =IFERROR(VLOOKUP('Apr-Jun25PjtMHShortfall'!A12,'Jun25'!$A$5:$L$36,11,FALSE),0) | K12: =E12-G12-H12-I12 | M12: %8518 on Ov Hd | Q12: =N9-Q11
A13: ='Jun25'!A12 | B13: =IFERROR(VLOOKUP('Apr-Jun25PjtMHShortfall'!A13,'Apr25'!$A$5:$L$36,10,FALSE),0) | C13: ='May25'!J12 | D13: ='Jun25'!J12 | E13: =SUM(B13:D13) | G13: =IFERROR(VLOOKUP('Apr-Jun25PjtMHShortfall'!A13,'Apr25'!$A$5:$L$36,11,FALSE),0) | H13: =IFERROR(VLOOKUP('Apr-Jun25PjtMHShortfall'!A13,'May25'!$A$4:$L$36,11,FALSE),0) | I13: =IFERROR(VLOOKUP('Apr-Jun25PjtMHShortfall'!A13,'Jun25'!$A$5:$L$36,11,FALSE),0) | K13: =E13-G13-H13-I13
A14: ='Jun25'!A13 | B14: =IFERROR(VLOOKUP('Apr-Jun25PjtMHShortfall'!A14,'Apr25'!$A$5:$L$36,10,FALSE),0) | C14: ='May25'!J13 | D14: ='Jun25'!J13 | E14: =SUM(B14:D14) | G14: =IFERROR(VLOOKUP('Apr-Jun25PjtMHShortfall'!A14,'Apr25'!$A$5:$L$36,11,FALSE),0) | H14: =IFERROR(VLOOKUP('Apr-Jun25PjtMHShortfall'!A14,'May25'!$A$4:$L$36,11,FALSE),0) | I14: =IFERROR(VLOOKUP('Apr-Jun25PjtMHShortfall'!A14,'Jun25'!$A$5:$L$36,11,FALSE),0) | K14: =E14-G14-H14-I14
A15: ='Jun25'!A14 | B15: =IFERROR(VLOOKUP('Apr-Jun25PjtMHShortfall'!A15,'Apr25'!$A$5:$L$36,10,FALSE),0) | C15: ='May25'!J14 | D15: ='Jun25'!J14 | E15: =SUM(B15:D15) | G15: =IFERROR(VLOOKUP('Apr-Jun25PjtMHShortfall'!A15,'Apr25'!$A$5:$L$36,11,FALSE),0) | H15: =IFERROR(VLOOKUP('Apr-Jun25PjtMHShortfall'!A15,'May25'!$A$4:$L$36,11,FALSE),0) | I15: =IFERROR(VLOOKUP('Apr-Jun25PjtMHShortfall'!A15,'Jun25'!$A$5:$L$36,11,FALSE),0) | K15: =E15-G15-H15-I15
A16: ='Jun25'!A15 | B16: =IFERROR(VLOOKUP('Apr-Jun25PjtMHShortfall'!A16,'Apr25'!$A$5:$L$36,10,FALSE),0) | C16: ='May25'!J15 | D16: ='Jun25'!J15 | E16: =SUM(B16:D16) | G16: =IFERROR(VLOOKUP('Apr-Jun25PjtMHShortfall'!A16,'Apr25'!$A$5:$L$36,11,FALSE),0) | H16: =IFERROR(VLOOKUP('Apr-Jun25PjtMHShortfall'!A16,'May25'!$A$4:$L$36,11,FALSE),0) | I16: =IFERROR(VLOOKUP('Apr-Jun25PjtMHShortfall'!A16,'Jun25'!$A$5:$L$36,11,FALSE),0) | K16: =E16-G16-H16-I16
A17: ='Jun25'!A16 | B17: =IFERROR(VLOOKUP('Apr-Jun25PjtMHShortfall'!A17,'Apr25'!$A$5:$L$36,10,FALSE),0) | C17: ='May25'!J16 | D17: ='Jun25'!J16 | E17: =SUM(B17:D17) | G17: =IFERROR(VLOOKUP('Apr-Jun25PjtMHShortfall'!A17,'Apr25'!$A$5:$L$36,11,FALSE),0) | H17: =IFERROR(VLOOKUP('Apr-Jun25PjtMHShortfall'!A17,'May25'!$A$4:$L$36,11,FALSE),0) | I17: =IFERROR(VLOOKUP('Apr-Jun25PjtMHShortfall'!A17,'Jun25'!$A$5:$L$36,11,FALSE),0) | K17: =E17-G17-H17-I17
A18: ='Jun25'!A17 | B18: =IFERROR(VLOOKUP('Apr-Jun25PjtMHShortfall'!A18,'Apr25'!$A$5:$L$36,10,FALSE),0) | C18: ='May25'!J17 | D18: ='Jun25'!J17 | E18: =SUM(B18:D18) | G18: =IFERROR(VLOOKUP('Apr-Jun25PjtMHShortfall'!A18,'Apr25'!$A$5:$L$36,11,FALSE),0) | H18: =IFERROR(VLOOKUP('Apr-Jun25PjtMHShortfall'!A18,'May25'!$A$4:$L$36,11,FALSE),0) | I18: =IFERROR(VLOOKUP('Apr-Jun25PjtMHShortfall'!A18,'Jun25'!$A$5:$L$36,11,FALSE),0) | K18: =E18-G18-H18-I18
A19: ='Jun25'!A18 | B19: =IFERROR(VLOOKUP('Apr-Jun25PjtMHShortfall'!A19,'Apr25'!$A$5:$L$36,10,FALSE),0) | C19: ='May25'!J18 | D19: ='Jun25'!J18 | E19: =SUM(B19:D19) | G19: =IFERROR(VLOOKUP('Apr-Jun25PjtMHShortfall'!A19,'Apr25'!$A$5:$L$36,11,FALSE),0) | H19: =IFERROR(VLOOKUP('Apr-Jun25PjtMHShortfall'!A19,'May25'!$A$4:$L$36,11,FALSE),0) | I19: =IFERROR(VLOOKUP('Apr-Jun25PjtMHShortfall'!A19,'Jun25'!$A$5:$L$36,11,FALSE),0) | K19: =E19-G19-H19-I19
A20: ='Jun25'!A19 | B20: =IFERROR(VLOOKUP('Apr-Jun25PjtMHShortfall'!A20,'Apr25'!$A$5:$L$36,10,FALSE),0) | C20: ='May25'!J19 | D20: ='Jun25'!J19 | E20: =SUM(B20:D20) | G20: =IFERROR(VLOOKUP('Apr-Jun25PjtMHShortfall'!A20,'Apr25'!$A$5:$L$36,11,FALSE),0) | H20: =IFERROR(VLOOKUP('Apr-Jun25PjtMHShortfall'!A20,'May25'!$A$4:$L$36,11,FALSE),0) | I20: =IFERROR(VLOOKUP('Apr-Jun25PjtMHShortfall'!A20,'Jun25'!$A$5:$L$36,11,FALSE),0) | K20: =E20-G20-H20-I20
A21: ='Jun25'!A20 | B21: =IFERROR(VLOOKUP('Apr-Jun25PjtMHShortfall'!A21,'Apr25'!$A$5:$L$36,10,FALSE),0) | C21: ='May25'!J20 | D21: ='Jun25'!J20 | E21: =SUM(B21:D21) | G21: =IFERROR(VLOOKUP('Apr-Jun25PjtMHShortfall'!A21,'Apr25'!$A$5:$L$36,11,FALSE),0) | H21: =IFERROR(VLOOKUP('Apr-Jun25PjtMHShortfall'!A21,'May25'!$A$4:$L$36,11,FALSE),0) | I21: =IFERROR(VLOOKUP('Apr-Jun25PjtMHShortfall'!A21,'Jun25'!$A$5:$L$36,11,FALSE),0) | K21: =E21-G21-H21-I21
A22: ='Jun25'!A21 | B22: =IFERROR(VLOOKUP('Apr-Jun25PjtMHShortfall'!A22,'Apr25'!$A$5:$L$36,10,FALSE),0) | C22: ='May25'!J21 | D22: ='Jun25'!J21 | E22: =SUM(B22:D22) | G22: =IFERROR(VLOOKUP('Apr-Jun25PjtMHShortfall'!A22,'Apr25'!$A$5:$L$36,11,FALSE),0) | H22: =IFERROR(VLOOKUP('Apr-Jun25PjtMHShortfall'!A22,'May25'!$A$4:$L$36,11,FALSE),0) | I22: =IFERROR(VLOOKUP('Apr-Jun25PjtMHShortfall'!A22,'Jun25'!$A$5:$L$36,11,FALSE),0) | K22: =E22-G22-H22-I22
A23: ='Jun25'!A22 | B23: =IFERROR(VLOOKUP('Apr-Jun25PjtMHShortfall'!A23,'Apr25'!$A$5:$L$36,10,FALSE),0) | C23: ='May25'!J22 | D23: ='Jun25'!J22 | E23: =SUM(B23:D23) | G23: =IFERROR(VLOOKUP('Apr-Jun25PjtMHShortfall'!A23,'Apr25'!$A$5:$L$36,11,FALSE),0) | H23: =IFERROR(VLOOKUP('Apr-Jun25PjtMHShortfall'!A23,'May25'!$A$4:$L$36,11,FALSE),0) | I23: =IFERROR(VLOOKUP('Apr-Jun25PjtMHShortfall'!A23,'Jun25'!$A$5:$L$36,11,FALSE),0) | K23: =E23-G23-H23-I23
A24: ='Jun25'!A23 | B24: =IFERROR(VLOOKUP('Apr-Jun25PjtMHShortfall'!A24,'Apr25'!$A$5:$L$36,10,FALSE),0) | C24: ='May25'!J23 | D24: ='Jun25'!J23 | E24: =SUM(B24:D24) | G24: =IFERROR(VLOOKUP('Apr-Jun25PjtMHShortfall'!A24,'Apr25'!$A$5:$L$36,11,FALSE),0) | H24: =IFERROR(VLOOKUP('Apr-Jun25PjtMHShortfall'!A24,'May25'!$A$4:$L$36,11,FALSE),0) | I24: =IFERROR(VLOOKUP('Apr-Jun25PjtMHShortfall'!A24,'Jun25'!$A$5:$L$36,11,FALSE),0) | K24: =E24-G24-H24-I24
A25: ='Jun25'!A24 | B25: =IFERROR(VLOOKUP('Apr-Jun25PjtMHShortfall'!A25,'Apr25'!$A$5:$L$36,10,FALSE),0) | C25: ='May25'!J24 | D25: ='Jun25'!J24 | E25: =SUM(B25:D25) | G25: =IFERROR(VLOOKUP('Apr-Jun25PjtMHShortfall'!A25,'Apr25'!$A$5:$L$36,11,FALSE),0) | H25: =IFERROR(VLOOKUP('Apr-Jun25PjtMHShortfall'!A25,'May25'!$A$4:$L$36,11,FALSE),0) | I25: 30 | K25: =E25-G25-H25-I25
A26: ='Jun25'!A25 | B26: =IFERROR(VLOOKUP('Apr-Jun25PjtMHShortfall'!A26,'Apr25'!$A$5:$L$36,10,FALSE),0) | C26: ='May25'!J25 | D26: ='Jun25'!J25 | E26: =SUM(B26:D26) | G26: =IFERROR(VLOOKUP('Apr-Jun25PjtMHShortfall'!A26,'Apr25'!$A$5:$L$36,11,FALSE),0) | H26: =IFERROR(VLOOKUP('Apr-Jun25PjtMHShortfall'!A26,'May25'!$A$4:$L$36,11,FALSE),0) | I26: =IFERROR(VLOOKUP('Apr-Jun25PjtMHShortfall'!A26,'Jun25'!$A$5:$L$36,11,FALSE),0) | K26: =E26-G26-H26-I26
A27: ='Jun25'!A26 | B27: =IFERROR(VLOOKUP('Apr-Jun25PjtMHShortfall'!A27,'Apr25'!$A$5:$L$36,10,FALSE),0) | C27: ='May25'!J26 | D27: ='Jun25'!J26 | E27: =SUM(B27:D27) | G27: =IFERROR(VLOOKUP('Apr-Jun25PjtMHShortfall'!A27,'Apr25'!$A$5:$L$36,11,FALSE),0) | H27: =IFERROR(VLOOKUP('Apr-Jun25PjtMHShortfall'!A27,'May25'!$A$4:$L$36,11,FALSE),0) | I27: =IFERROR(VLOOKUP('Apr-Jun25PjtMHShortfall'!A27,'Jun25'!$A$5:$L$36,11,FALSE),0) | K27: =E27-G27-H27-I27
A28: ='Jun25'!A27 | B28: =IFERROR(VLOOKUP('Apr-Jun25PjtMHShortfall'!A28,'Apr25'!$A$5:$L$36,10,FALSE),0) | C28: ='May25'!J27 | D28: ='Jun25'!J27 | E28: =SUM(B28:D28) | G28: =IFERROR(VLOOKUP('Apr-Jun25PjtMHShortfall'!A28,'Apr25'!$A$5:$L$36,11,FALSE),0) | H28: =IFERROR(VLOOKUP('Apr-Jun25PjtMHShortfall'!A28,'May25'!$A$4:$L$36,11,FALSE),0) | I28: =IFERROR(VLOOKUP('Apr-Jun25PjtMHShortfall'!A28,'Jun25'!$A$5:$L$36,11,FALSE),0) | K28: =E28-G28-H28-I28
A29: ='Jun25'!A28 | B29: =IFERROR(VLOOKUP('Apr-Jun25PjtMHShortfall'!A29,'Apr25'!$A$5:$L$36,10,FALSE),0) | C29: ='May25'!J28 | D29: ='Jun25'!J28 | E29: =SUM(B29:D29) | G29: =IFERROR(VLOOKUP('Apr-Jun25PjtMHShortfall'!A29,'Apr25'!$A$5:$L$36,11,FALSE),0) | H29: =IFERROR(VLOOKUP('Apr-Jun25PjtMHShortfall'!A29,'May25'!$A$4:$L$36,11,FALSE),0) | I29: =IFERROR(VLOOKUP('Apr-Jun25PjtMHShortfall'!A29,'Jun25'!$A$5:$L$36,11,FALSE),0) | K29: =E29-G29-H29-I29
A30: ='Jun25'!A29 | B30: =IFERROR(VLOOKUP('Apr-Jun25PjtMHShortfall'!A30,'Apr25'!$A$5:$L$36,10,FALSE),0) | C30: ='May25'!J29 | D30: ='Jun25'!J29 | E30: =SUM(B30:D30) | G30: =IFERROR(VLOOKUP('Apr-Jun25PjtMHShortfall'!A30,'Apr25'!$A$5:$L$36,11,FALSE),0) | H30: =IFERROR(VLOOKUP('Apr-Jun25PjtMHShortfall'!A30,'May25'!$A$4:$L$36,11,FALSE),0) | I30: =IFERROR(VLOOKUP('Apr-Jun25PjtMHShortfall'!A30,'Jun25'!$A$5:$L$36,11,FALSE),0) | K30: =E30-G30-H30-I30
A31: ='Jun25'!A30 | B31: =IFERROR(VLOOKUP('Apr-Jun25PjtMHShortfall'!A31,'Apr25'!$A$5:$L$36,10,FALSE),0) | C31: ='May25'!J30 | D31: ='Jun25'!J30 | E31: =SUM(B31:D31) | G31: =IFERROR(VLOOKUP('Apr-Jun25PjtMHShortfall'!A31,'Apr25'!$A$5:$L$36,11,FALSE),0) | H31: =IFERROR(VLOOKUP('Apr-Jun25PjtMHShortfall'!A31,'May25'!$A$4:$L$36,11,FALSE),0) | I31: =IFERROR(VLOOKUP('Apr-Jun25PjtMHShortfall'!A31,'Jun25'!$A$5:$L$36,11,FALSE),0) | K31: =E31-G31-H31-I31
A32: ='Jun25'!A31 | B32: =IFERROR(VLOOKUP('Apr-Jun25PjtMHShortfall'!A32,'Apr25'!$A$5:$L$36,10,FALSE),0) | C32: ='May25'!J31 | D32: ='Jun25'!J31 | E32: =SUM(B32:D32) | G32: =IFERROR(VLOOKUP('Apr-Jun25PjtMHShortfall'!A32,'Apr25'!$A$5:$L$36,11,FALSE),0) | H32: =IFERROR(VLOOKUP('Apr-Jun25PjtMHShortfall'!A32,'May25'!$A$4:$L$36,11,FALSE),0) | I32: =IFERROR(VLOOKUP('Apr-Jun25PjtMHShortfall'!A32,'Jun25'!$A$5:$L$36,11,FALSE),0) | K32: =E32-G32-H32-I32
A33: ='Jun25'!A32 | B33: =IFERROR(VLOOKUP('Apr-Jun25PjtMHShortfall'!A33,'Apr25'!$A$5:$L$36,10,FALSE),0) | C33: ='May25'!J32 | D33: ='Jun25'!J32 | E33: =SUM(B33:D33) | G33: =IFERROR(VLOOKUP('Apr-Jun25PjtMHShortfall'!A33,'Apr25'!$A$5:$L$36,11,FALSE),0) | H33: =IFERROR(VLOOKUP('Apr-Jun25PjtMHShortfall'!A33,'May25'!$A$4:$L$36,11,FALSE),0) | I33: =IFERROR(VLOOKUP('Apr-Jun25PjtMHShortfall'!A33,'Jun25'!$A$5:$L$36,11,FALSE),0) | K33: =E33-G33-H33-I33
A34: ='Jun25'!A33 | B34: =IFERROR(VLOOKUP('Apr-Jun25PjtMHShortfall'!A34,'Apr25'!$A$5:$L$36,10,FALSE),0) | C34: ='May25'!J33 | D34: ='Jun25'!J33 | E34: =SUM(B34:D34) | G34: =IFERROR(VLOOKUP('Apr-Jun25PjtMHShortfall'!A34,'Apr25'!$A$5:$L$36,11,FALSE),0) | H34: =IFERROR(VLOOKUP('Apr-Jun25PjtMHShortfall'!A34,'May25'!$A$4:$L$36,11,FALSE),0) | I34: =IFERROR(VLOOKUP('Apr-Jun25PjtMHShortfall'!A34,'Jun25'!$A$5:$L$36,11,FALSE),0) | K34: =E34-G34-H34-I34
A35: ='Jun25'!A34 | B35: =IFERROR(VLOOKUP('Apr-Jun25PjtMHShortfall'!A35,'Apr25'!$A$5:$L$36,10,FALSE),0) | C35: ='May25'!J34 | D35: ='Jun25'!J34 | E35: =SUM(B35:D35) | G35: =IFERROR(VLOOKUP('Apr-Jun25PjtMHShortfall'!A35,'Apr25'!$A$5:$L$36,11,FALSE),0) | H35: =IFERROR(VLOOKUP('Apr-Jun25PjtMHShortfall'!A35,'May25'!$A$4:$L$36,11,FALSE),0) | I35: =IFERROR(VLOOKUP('Apr-Jun25PjtMHShortfall'!A35,'Jun25'!$A$5:$L$36,11,FALSE),0) | K35: =E35-G35-H35-I35
A36: ='Jun25'!A35 | B36: =IFERROR(VLOOKUP('Apr-Jun25PjtMHShortfall'!A36,'Apr25'!$A$5:$L$36,10,FALSE),0) | C36: ='May25'!J35 | D36: ='Jun25'!J35 | E36: =SUM(B36:D36) | G36: =IFERROR(VLOOKUP('Apr-Jun25PjtMHShortfall'!A36,'Apr25'!$A$5:$L$36,11,FALSE),0) | H36: =IFERROR(VLOOKUP('Apr-Jun25PjtMHShortfall'!A36,'May25'!$A$4:$L$36,11,FALSE),0) | I36: =IFERROR(VLOOKUP('Apr-Jun25PjtMHShortfall'!A36,'Jun25'!$A$5:$L$36,11,FALSE),0) | K36: =E36-G36-H36-I36
A37: ='Jun25'!A36 | B37: =IFERROR(VLOOKUP('Apr-Jun25PjtMHShortfall'!A37,'Apr25'!$A$5:$L$36,10,FALSE),0) | C37: ='May25'!J36 | D37: ='Jun25'!J36 | E37: =SUM(B37:D37) | G37: =IFERROR(VLOOKUP('Apr-Jun25PjtMHShortfall'!A37,'Apr25'!$A$5:$L$36,11,FALSE),0) | H37: =IFERROR(VLOOKUP('Apr-Jun25PjtMHShortfall'!A37,'May25'!$A$4:$L$36,11,FALSE),0) | I37: =IFERROR(VLOOKUP('Apr-Jun25PjtMHShortfall'!A37,'Jun25'!$A$5:$L$36,11,FALSE),0) | K37: =E37-G37-H37-I37
... A39: ='Jun25'!A38 | B39: =IFERROR(VLOOKUP('Apr-Jun25PjtMHShortfall'!A39,'Apr25'!$A$5:$L$36,10,FALSE),0) | C39: ='May25'!J38 | D39: ='Jun25'!J38 | E39: =SUM(B39:D39) | G39: =IFERROR(VLOOKUP('Apr-Jun25PjtMHShortfall'!A39,'Apr25'!$A$5:$L$36,11,FALSE),0) | H39: =IFERROR(VLOOKUP('Apr-Jun25PjtMHShortfall'!A39,'May25'!$A$4:$L$36,11,FALSE),0) | I39: =IFERROR(VLOOKUP('Apr-Jun25PjtMHShortfall'!A39,'Jun25'!$A$5:$L$36,11,FALSE),0) | K39: =E39-G39-H39-I39
A40: ='Jun25'!A39 | B40: =IFERROR(VLOOKUP('Apr-Jun25PjtMHShortfall'!A40,'Apr25'!$A$5:$L$36,10,FALSE),0) | C40: ='May25'!J39 | D40: ='Jun25'!J39 | E40: =SUM(B40:D40) | G40: =IFERROR(VLOOKUP('Apr-Jun25PjtMHShortfall'!A40,'Apr25'!$A$5:$L$36,11,FALSE),0) | H40: =IFERROR(VLOOKUP('Apr-Jun25PjtMHShortfall'!A40,'May25'!$A$4:$L$36,11,FALSE),0) | I40: 6 | K40: =E40-G40-H40-I40
A41: ='Jun25'!A40 | B41: =IFERROR(VLOOKUP('Apr-Jun25PjtMHShortfall'!A41,'Apr25'!$A$5:$L$36,10,FALSE),0) | C41: ='May25'!J40 | D41: ='Jun25'!J40 | E41: =SUM(B41:D41) | G41: =IFERROR(VLOOKUP('Apr-Jun25PjtMHShortfall'!A41,'Apr25'!$A$5:$L$36,11,FALSE),0) | H41: =IFERROR(VLOOKUP('Apr-Jun25PjtMHShortfall'!A41,'May25'!$A$4:$L$36,11,FALSE),0) | I41: 2 | K41: =E41-G41-H41-I41
A42: C007 | B42: =IFERROR(VLOOKUP('Apr-Jun25PjtMHShortfall'!A42,'Apr25'!$A$5:$L$36,10,FALSE),0) | C42: 0 | D42: ='Jun25'!J41 | E42: =SUM(B42:D42) | G42: =IFERROR(VLOOKUP('Apr-Jun25PjtMHShortfall'!A42,'Apr25'!$A$5:$L$36,11,FALSE),0) | H42: =IFERROR(VLOOKUP('Apr-Jun25PjtMHShortfall'!A42,'May25'!$A$4:$L$36,11,FALSE),0) | I42: =IFERROR(VLOOKUP('Apr-Jun25PjtMHShortfall'!A42,'Jun25'!$A$5:$L$41,11,FALSE),0) | K42: =E42-G42-H42-I42
A43: ='Jun25'!A42 | D43: ='Jun25'!J42 | E43: =SUM(B43:D43) | G43: =IFERROR(VLOOKUP('Apr-Jun25PjtMHShortfall'!A43,'Apr25'!$A$5:$L$36,11,FALSE),0) | H43: =IFERROR(VLOOKUP('Apr-Jun25PjtMHShortfall'!A43,'May25'!$A$4:$L$36,11,FALSE),0) | I43: =IFERROR(VLOOKUP('Apr-Jun25PjtMHShortfall'!A43,'Jun25'!$A$5:$L$42,11,FALSE),0) | K43: =E43-G43-H43-I43
A45: Total: | E45: =SUM(E5:E43) | K45: =SUM(K5:K43)

Sheet ConsolidatedMHrequirementJul25
A1: Consolidated man hour requirement for Jul'25
A2: =(23*8*6)
A3: Job No | B3: No. of orders | C3: Exp. | D3: Inspn | E3: Others | F3: Total | G3: *Others/ Remarks | J3: Insp/ Project Coordinators | N3: MH available as on | O3: MH to be released for Jul'25 | P3: Allotted | Q3: 8518 reqd
A4: 4994 | B4: 6 | E4: =8*B4 | F4: =SUM(C4:E4) | G4: Enl:Nidec-(16h);Reval:Jindal Saw,Uniabex,Dynafluid,IL(32h)-48h rel on 19/9 | J4: Rajesh Sinha | N4: 0 | O4: 32 | P4: 0 | Q4: 32h relsd on 14/1;40h relsd on 18/2;96 hr relsd on 16/3/20;24h relsd on 23/6;16hr allotted on 23/9; 32h issued on 28/6;40mh rels on 25/11;48h relsd on 1/2/22;56h issued on 21/3/22;16h relsd on 2/5/22;32 h rel on 27/6;32h rel on 30/11;24h rel on 9/2;32h rel on 28/3;36h ;32h rel on 22/5[3998]on 1/5;48h rel on 31/5;64h rel on 27/6;64h rel on 27/7;28h rel on 11/9 against 32 sought;8mh of Sep rel on 16/10;[3844 upto 8/1]40h rel on 8/1;48h rel on 1/4[3976];32h rel on 22/5[4006];36h on 4/6[4042];48h rel on 29/10[4154];44h for Nov & Dec, rel. on 3/1/25[4198};24h rel on 10/2 [4222];- 16h rel on 22/4[4238];72h rel on 27/5[4310];16h rel on 11/7[4326];48h rel on 19/9
A5: 6979 | F5: 0 | Q5: 60h rel on 14/10 against MH for Vert. B; 36h rel on 8/1 in lieu of B302 [96];in lieu of B302106 mh rel against 6979 on 21/4 (for Jan/Feb/Mar) 6979-[202]
A6: 7716 | D6: 0 | E6: =8*0 | F6: =SUM(C6:E6) | J6: Sanjeev Kumar/ Yatendra Agrawal - EIB Renovation | P6: 16h rel on 9/4 against Climaveneta order referred in 8590 above [28]
A7: 8518 | B7: 0 | C7: 0 | D7: 0 | F7: 200 | G7: Admin works,Insp Guidelines/Typ Test review/ITP revision(E&I ITPS)/Std. Spec review-mtgs with Inst. Engg. on Cryo Test Procedure & Flow Meter MR improvements,other miscellaneous works incl. Dept Mktg leads (visit to HPCL GRDC with BEL & IIM Bluru),Intl. Audit (17,18/7); Hosp Nomination;All Mech ITPs, Mag/Vortex/Mass FM ITPs,QM,KM;600h rel on 25/7[19998] | J7: Tech Develop & OH | N7: 300 | Q7: 123h avl as on 27/6/22(2200 in 8518-02);300mh issued on 8/8/22 (tot. 2800mh/2521 consumed as of 8/8) - 2679 consumed as on 16/8- 121 hrs avl.[254h consumed in Jul'22]; 200h relsd on 6/9 in place of 300 sought (3000 as on 6/9/22);300 mh rel on 13/10 - 3300 as on 13/10;200h rel on 14/12[3500 as on 15/12];200h rel on 13/1/23[3800 as on 19/1/23] (176h avl. as on 19/1, after closure of Dec TS); 300mh rel on 20/2/23 against 8518-00 [15100-12657=2443mh];1836h rel on 18/3 -15998;for Apr MH, 418 mh rel on 4/6/24[15348];410 mh rel on 16/7[16408];60mh utilised in Sep [17331];417 mh rel. on 11/12 for Oct[17748];500mh rel on 17/1[18248];125 mh rel on 23/1[18373];316h rel on 4/3[18673];200h rel on 24/4[19398];600h rel on 25/7[19998]
A8: 8590 | D8: 0 | F8: =SUM(C8:E8)
A9: B016 | B9: 0 | C9: 0 | E9: 0 | F9: 0 | J9: Uday Pratap Singh/Pankaj Saxena/Alok Singh | Q9: 10h issued on 2/5[1714];16h rel on 2/7[1722];8h rel on 12/9[1730] for VFD
A10: B035 | B10: 1 | C10: =1*8 | D10: 0 | E10: 0 | F10: =C10+D10+E10 | G10: Expediting - Greensol; | J10: Saeed Akhtar/ D Jana | N10: 0 | O10: =F10-N10 | Q10: 47 hr avl on 19/7;64 h already bkd in jul; 28 hrs relsd on 16/11;24h relsd on 18/12;24h relsd on 14/1;32h issued-RAM val extn for YVT reqd;16 h on 16/3/20;16h relsd on 23/6/20; J/F/M request:80/40/40; 96 hrs given on 4/2/21'40h on 30/3/21;16h allotted on 28/6;40h relsd on 25/8;24h relsd on 26/10;32h relsd on25/11;24 h rel. in Dec;24h rel on 3/2/22;8h relsd on 1/8/22;8h relsd on 29/8;32h rel on 27/9;8h rel on 10/1[1249];8h on 9/2[1257];8h on 1/5[1275];8h on 31/5[1283];8h on 28/7[1291];8 h on 15/9[1307];8 h on 26/9[1315];32h rel on 1/12[1407;32h rel on 8/1[1471]; 8h+ 4h(B302) rel on 12/2[1483];8h +6h(B302) rel on 11/3[1497];8h rel on 1/4[1505];8h rel on 13/5[1513];16h for May & Jun rel on 1/7[1539];8h rel on 9/8[1555] 90h rel on 12/10 [1645]-10h bal c/f to Oct;8h rel on 28/2[1653]
A11: B038 | B11: 0 | C11: =2*B11 | D11: 0 | E11: 0 | F11: =C11+D11+E11 | G11: Expediting/fin.doc subm followup & OCS prep(16 nos) - 24h sought for Time ex.of YIL & other activities of past for CPCL on 22/12/21 - 16h relsd on 31/12/21; 1 Ord on FS recd in Oct-4h rel on 28/10; 8h sought on 5/12; Dec: 2 OCS +5 run. Ord. expediting - 28h sought (8h rel); Jan: 5 run ord +2 FD exp,Sandvik Mtgs - 36h sought - 12h rel [32];FEb- 20h sought-none relsd; Mar:32h sought- 16h issued; Meeting at Sandvik on 11/4/23 with MRPL; Apr:5 running orders+3FD expediting(32h)- total:40h sought - May: Alliema VC on 16/5/23;5 running orders+3FD expediting(32h)- 40h sought; 6r orders+2 OCS+Alliema expediting - 40h sought in Jun-16 relsd.[120];40 sought in Jul(8 ord+Alleima- exp incl. mtg on 26/7)); 36h sought in Aug- incl.7 orders(4 running) & Alleima Expediting [64 h sought on 28/8 incl. 28h short of Jul]; [20 h relsd [168] ;6 orders expediting- 24h;6 orders expediting;1 OCS on 12/9;Alleima expediting including visits to Hosur works on 1 & 7/9;Oct: 1 OCS done(704), 5 orders expediting- sought 24h;Nov: 7ord exp- 14hrs sought; Dec: 7 order expediting - 14h +4h- mtg with Head of Swims& IL for urgent intervention; Jan:7 ord exp - 14h(not rel); Feb:2Runn ord exp +1OCS+4FD exp; Mar: 2 Runn ord+3FDsub exp+1 OCS; Mtg with YIL on 7/3/24 for Turnkey Instn Job;Apr: 1 Rord;3 FD exp+1OCS;mtg with YIL -29/4; May: 2 FD exp+1OCS+ 1Rord Exp -8h;Jun: 1FD exp+1OCS+1Rord Exp-6h; Jul: 1ord fd exp; 1ord- YIL - excl.exp. with mtgs & daily f/ups; Aug- 2 ord - 4h; Sep-2 ord FD - 4h; Oct-2ord FD-4h ;Nov-2ord FD-4h;Dec-2ord FD-4h;Jan,Feb,Mar-2ord FD-4h; Apr- 2ord (incl 1OCS) -4h;May-1ord FD exp.;Jun-1 OCS | J11: Himanghsu Pal/Sanjeev Kumar/Aasheesh Handa | N11: 0 | O11: =F11-N11 | Q11: 60 hr allocated on 22/2/19 (first time); 140 hrs allotted on 26/4/19; 200h relsd on 7/8/19; 40 hrs relsd on 5/11/19;50 hrs relsd on 13/1/20;40 hr relsd on 20/2;;Bal. MH reqd from May'20 till completion of activities: 8 orders - 3 orders can get completed by Jul'20; bal 5 orders will go upto Sept- so Exp:3*3*4+5*5*4=136hrs;FD/OCS-29 orders -29*4*3=348 - So total - 484 mh; 16 hrs avl as on 27/5/20; 20 hrs avl. as on 20/8- RAM auth to be chkd;130h allotted on 29/9 - till end of pjt -brk up 40(sep),40(oct),50(Nov);16h relsd on 31/12/21;8h rel on 12/12; 8h rel on 6/1/23;12mh rel on 17/2 against 36 sought[32] b038-02;16h ag.20hsought on 27/2[48]; 16h rel on 6/4 against 20 sought[64];22h given against 40 sought on 15/5/23 [88];16h given in place of 40 on 19/6[104];12h (in place of 40h) rel on 8/8[132];28h rel on 7/9[160];16h rel on 9/10-sep ts closed - so used for Oct[184];26h rel on 18/12[210];10h on 11/1[220];7h rel on 4/3/24[234];16h rel for Mar [250];;8h on 4/6[270]8h rel on 4/8[278]
A12: B058 | B12: 1 | C12: 0 | F12: 0 | J12: Patra/Sanjay Dhuria | Q12: 8h rel on 1/8
A13: B224 | B13: 1 | F13: =8*34 | G13: Insp: Siemens/TDPS -48MW Alternator-30,31/7(2d);YIL/SRU ESD FAT-17 to 19/7(3d);DCS-Aux Cons-11,27/7(2d);DMW/Tmeic-Drives-7-9/2(3d);Godrej B/Ds-21-23,27/7(4d);Emerson/FCRI-21,22,23/7(3d);KSBMIL-Control Valves-10,24,31/7(3d); Anal-26/6(1d);Afcons/Microfinish-28,20/7(2d);MK Engrs-Panels-14/7(1d);Doc Rev: YIL-SRU-DCS-9/7(1d);MEIL-SLLDPE/PPU/Pkg9/Pkg10, Elec & Inst. QAPs(28nos)-7,8,9,10,14,15,16,22,23,31/7-(8.5d) - 256mh rel on 3/10[6554] | J13: Mr Dipak Panchal / Mr Sunil Saurabh/ Mr R.K.Mohabe/Neena Mukherjee | N13: 0 | O13: 56 | Q13: 20 hrs issued on 9/20- addl 48 hrs provided on 18/11/20;48h recd on 8/1/21;64 mh against B224-05 recd on 14/5/21;56 h on 1/6/21;140h relsd on 6/12/21;190h relsd on 28/12/21;112h relsd on 2/2/22;64h relsd on 28/2/22;216h relsd on 28/3/22;88h relsd on 4/5/22;80h relsd on 29/6/22;80h relsd on 1/8/22;316h against all units relsd on 28/9 in unit 00; 114h relsd on 3/11/22; 120 h relsd on 4/12 against req. of 212h(804 in Unit 00 as on 6/12); 300 rel. on 6/1 in place of 388 sought [1104];172h rel on 172 on 16/2[1276];256h rel on 7/3[1532];300h (against 360 sought) rel on 5/4[1832];304h rel on 12/5[2136];300mh rel on 31/5 against 408 sought [2436]; 200h rel on 9/8 (264 sought)[3039]; 440h sought on 28/8 & resld on 11/9; 372h sought on 26/9- relsd on 4/10; 301 hr rel. for Nov & Dec against 480 sought on 8/1/24[4482];240mh issued on22/2 (against 252 sought) [4735];150h rel on 1/4 for feb & 150h rel on 6/4 for mar[5035];96h rel on 21/5[5131];96h rel on 2/7/24 (for May'24)[5227];272h rel on 16/7[5499]; 40h rel on 12/10[5635];90h rel on 10/1[5720];100h rel on 20/1[5820];21h rel on 10/2[5841];307h rel for Jan-Mar on 24/4
A14: B229 | B14: 0 | C14: =2*B14 | E14: 0 | F14: =SUM(C14:E14) | J14: Patra/JPS Kalra/DK Kesri | Q14: 40 hrs relsd on 13/8/21; 16 hr to be relsd on 29/9;24 hrs relsd on 31/12;24h relsd on 8/2/22;24h relsd on 9/5/22'20h resld on 9/6/22;24h relsd on 15/7;228 consumed as on 1/8/22;20 h relsd on 2/8/22; 20h resld on 12/9/22;24h relsd on 3/10;10h rel on 9/12;28h rel on 9/1[345];48h rel on 14/3 for Jan/Feb [393];20h rel on 17/4[413];20h rel on 15/5[433];36h rel on 22/6[469];32h rel on 11/7[501];56 h sought for Jul(32)+Aug(24) on 28/8 - 32h of Jul rel. on 11/9[533];16h rel on 5/10[549];20h rel on 29/11[569];40h rel on 27/12[609];30h on 10/1[639];40h on 21/2[679];16h on 29/3[695];30h on 5/4[725];;16h rel on 16/5[741];-16h rel on 16/7[757]; 24 h rel on 12/10 but not utilised since Name appl. Not yet recd - to be c/f to Oct[765];10h rel on 10/12[775]; 100h rel on 23/1[883;8h rel on 6/3 [901]
A15: B269 | B15: 18 | C15: =2*B15+4*2 | D15: =8*3 | E15: =8*3.5 | F15: =SUM(C15:E15) | G15: 13 running orders+ 4Orders FD sub expediting+1OCS; Critical Item Insp - YIL- U&O FAT- 4d (1-7,30/8); for expediting rectification/replacement of valves recd.frm site;VC with BDK -1/wk(2d);;44h rel on 21/8[1700] | J15: Chandrashekhar/Rajesh Bhatla/Arun Singh Arya/Sanjay Chaudhary | N15: 0 | Q15: ;32h rel in place of 60h sought on 15/6[532];48h rel on 10/7 in pl. of 76 sought[580];36h (80 sought)rel on 8/8[640]; 49 h rel on ag. 88 sought on18/9 [689];96h rel on 4/10[785] ;42h rel on 29/11(for month of Oct)[827];30h rel on11/1 [857];80h rel on 18/1[937];40h rel on 19/2[977];24h rel against 50h sought on 13/3[1001];36h rel on 10/4[1037]-to be used in Apr since Mar TS already closed.;20mh rel on 2/7(for may)[1057];27h rel on 10/7[1084];40h rel on 9/8[1124]; 20h rel on 12/10[1174];48h rel on 30/12[1222];20mh rel on 8/1[1242];100h addl given on 20/1[1342];50h rel on 19/2[1392];30h rel on 19/3[1422];16mh rel on 17/4 [1438];For Apr+May-38mh rel on 19/6 (against 104+118=222h sought)[1476];Another 100mh rel on 20/6[1576];80mh rel on 11/7[1656];44mh rel.on 21/8[1700]
A16: B285 | F16: 0 | J16: Sanjeev Kumar/Vikalp Paliwal
A17: B297 | B17: 5 | C17: =2*B17+4 | D17: =8*1 | E17: =8*0.5 | F17: =SUM(C17:E17) | G17: Exp-5 ord-1 runn ord, 4-FD sub exp Insp: PO 160-YIL-23/7(1d) -8h rel on 12/9 [973] | J17: Chandrashekar/NS Vasudev/Manish Tiwari - GAIL Pata | N17: 10 | Q17: 24h allotted on 25/2/22;44 h allotted on 2/6/22(against 64 sought) - 60h bkd in Jun correspond to previous month; jun rel. not happened sought 88h for Jun/Jul [128 h as of 11/8/22]-80h issued on 22/8/22; 28h resld on 25/8; 232h as on 6/9/22;268 as on 28/10(32 h rel for Sep being util. in Oct);30mh rel on 11/11;40 h rel on 7/12(338 as on 7/12);40h issued on 11/1 [378];30mh issued in Feb 10h avl on 9/2[408];46h given on 9/3 in pl of 68 sought [454]; 100h rel on 6/6 for May'23[554];40 on 8/7 in pl. of 184 h sought[594];20h rel on 9/10- sep ts closed so used in Oct [614] 30h rel for Oct[644]; 32 h rel on 15/12 against 58 sought[676];24h rel on 12/3 ag. 58 sought[755];18h rel on 5/4[773];16h rel on 15/5[789];16h rel on 24/6 [805];32;8h rel on 11/3 [965]h rel on 12/7[837];24h rel on 12/8[861];20h rel on 10/9[881];16h rel on 14/10[897]; 24h rel on 19/11[921];16h rel on 10/12[937];20h rel on 13/1[957];8h rel on 17/3[965]
A18: B302 | B18: 4 | C18: =2*4+4*2 | D18: =8*7 | E18: =8*0.5 | F18: =SUM(C18:E18) | G18: 4 Running orders ; 6873-KEPL/TMEIC-Drives insp-18-21,28/8(4d);Fluidyne/Auma -26/8(1d);Doc rev: 103-PLC QAP rev -30/8(0.5d); | J18: Suresh/D Jana(302-1)/Sivakumar(302-2)/Abhishek Rai/Balbir Singh (01-P/L & 02- COT) - pump order - 02; FOA also to incl. Unit no for correlation | Q18: 8hr allotted on 31/10/21;4h all. On 30/11;16h relsd on 6/2/22;56h relsd against B302-01 on 1/4/22;56h of Mar'22 of 02 unit relsd on 4/5/22;36h for Jul/Aug/Sep'23 relsd against B035 on 3/10;4h rel against B035 on 12/2;10h rel against B035 on 29/5[1523];106 mh rel against 6979 on 21/4 (for Jan/Feb/Mar) 6979-[202]
A19: B348 | B19: 12 | C19: =2*B19+2*2 | D19: 0 | E19: 0 | F19: =SUM(C19:E19) | G19: 12 orders incl. 5 FD exp.-12h rel on 25/8[206] | J19: Himangshu/Sanjeev Kumar/Lavish/HarshVardhan | N19: 1 | Q19: Not listed as of 1/8/22- sought listing as well as issue of 12mh till Jul;4h to be rel on 28/9 (14h as on 14/11);8h rel on 3/4[32]; 10h rel on 10/4-to be used in Apr TS[42];10h rel on 8/7[52];16h rel on 29/8[68];16h rel on 14/10[84];12h rel on 25/11[96];16h rel on 30/12[112];7 h rel on 21/2[135];6 h rel on 5/4[141];21h rel on 15/4[162];10h rel on 23/7[194]
A20: B359 | D20: 0 | E20: 0 | F20: =SUM(C20:E20) | J20: Chandrashekhar/Sumanta Mondal/Abhishek/Sarvesh Kumar | Q20: 24h relsd on 30/3/22;24h relsd on 2/8/2216mh rel on 5/3/25[232]
A21: B378 | B21: 21 | C21: =2*B21+2*4 | D21: =8*8.5 | E21: =8*2.5 | F21: =SUM(C21:E21) | G21: 21 ord Expediting(incl 11ord FD sub exp)+3OCS; Inspn: YIL(Analyser- 620/539-24,25,28/7 (3d); 639-PDH Raw Matl Id -8/7(1d);ABB-618-Analyser 28,29 (2d);Cybersec doc rev/IRN-3/7(0.5d); Anal-Compl. rev-15/7(1d);Kalpa-RVT-24/7(1d);Paramount/C&S-Doc rev/IRN end-14,28/7(1d);Meeting/rev. of Cryo Test procedure & expediting of o/s issues(1d)-138 mh rel on 25/8[4666) | J21: Chandrashekhar/Sumanta Mondal/Ajay Gupta/Rajeev Kr Khandelwal/Prakash Jagarwal/Deepak Dinkar -GAIL Usar | N21: 0 | Q21: 15h relsd on 8/6/22 - auth avl for BT/US;28 h bkd as on 1/8/22- so not asked for anything in Jul;28h rel on 30/8/22;40h rel on 27/9(116h);136 as on 28/10;40mh rel on 6/12(200 as on 6/12);70mh rel on 9/1/23(270 as on 10/1);70 h on 9/2[340];50h in place of 96 sought on 13/3[390];130mh rel on 10/4[520];80 h rel in place of 116 sought[600];bal 36h rel on 18/5 [636];70h rel against 108 sought on 8/6 [706];160h rel against 164 sought on 10/7[866];100h rel on 8/8 against 156 sought[966];60h rel ag.168h sought on 12/9 [1126];185 rel. on 5/10[1311];88h rel in Nov [1399];92h rel on 12/12[1491];130h rel on 5/1[1621]; 356h excess bkd in Dec[1977];114h rel on 2/2[2091]140h rel on 13/3[2231];120h rel on 5/4[2351];92h rel on 13/5;95h rel on 10/7[2598];100h rel on 9/8 [2698];130h rel on 9/9[2828];210 rel on 10/10[3038];140h rel on 13/11[3178]; 140 h rel on 26/12[3318];150h rel on 13/1[3468];100h rel on 21/1[3568];140h rel on 12/2[3708];150 mh rel on 17/3[3858];155 mh rel on 15/4[4009];160h rel on 20/5; 160h rel on 16/6[4328];;200h rel on 23/7/25[4528]
A22: B414 | B22: 4 | C22: =2*B22+1*4 | D22: =8*3 | E22: 0 | F22: =SUM(C22:E22) | G22: 4 orders ( incl. 3 FD expediting); Insp: PO 62-HBL Batteries-2,3/7(2d);Pace process/Universal Capac.pkg QAP appls.-3 nos (1.5d); | J22: Himangshu Pal/ Shnaoli Nath | Q22: 96h issued on 6/7/23; B414- 200mh rel on 23/8/23 with time period upto Oct'23(though we had not sought any mh for Jul); [296] ason 13/3 - 133h avl as on 13/3;29h avl as on 8/4;29mh (earl avl) time ext. recd on 13/8/24);212 h rel on 14/10[518]
A23: B436 | B23: 1 | C23: 2 | D23: 0 | E23: 0 | F23: =SUM(C23:E23) | G23: SCADA order on ABB | J23: T Ravi/Sangram Mishra/NS Vasudev | P23: 10h rel on 22/5;26h rel on 12/10[38]
A24: B440 | B24: 16 | C24: =2*B24 + 1*4 | D24: =8*1 | E24: 0 | F24: =SUM(C24:E24) | G24: Desk expediting, QAP appl if SITP not avl,TPI IRN end.,OCS; 80 +80 Mandays(E+I);1 ord on 2L Eng. Recd on 3/4/23; 8h to be sought in May'23; 2 ord exp-8h for Jul'23; As per HO mail dt 11/9/23, MH are not being relsd & exp. Is being done by Pjts - Accordingly, we may not involve; Spl. reqts for IBA appd tptr & freight upto site. ; For Sep: 4ord exp + Rev & Comments on Technicas Insp. related issues - 27/10/23 ;For Nov: 4 ord exp(incl 5 OCS)+tech. clarification on Tech.Reuni Pkg ord; Dec: 6/12- Appl of WPS/PQR rev of TR pkg; ITP R4 reviewed on 16/1/24; WPS/PQR review/clarifications-12/2; IBR certification clarification-14/2; INSPECTION AND TEST PLAN FOR STRUCUTRUAL STEEL FABRICATION OF RADIANT, HEATER & APH - 03-FF-00-051 on 14/3; IRN rev & endors for Plates & Spares on 18 & 22/3(1d); Revised ICP sub on 19/4; ITP for Pr. Part Fabrication appd on 22/4; ITP for Return Bends-8/5;INSPECTION AND TEST PLAN FOR CASTST RETURN BENDS -app on 17/5, clarifications-29/5;Study & Clarification on IGC reqt-7/6;QAP appl of Exp. Joints & Tube seals(14/6); IL ord 48 0 not yet in EPS; Tech. clar. & doc. rev. of Tecnicas - VFDs TPI doc rev. on 13/8/24; MF EPCG license f/up; Doc rev. & IRN endors. of Centrifugally Cast Support on 13/9; Plantech - Line stop fittings/TOR fittings- Doc rev/IRN endors:Hydrocyclone QAP rev-1/10; TR/ABB-VFD Doc rev/IRN end: 16/10; BHEL/Tmeic VFD insp- 28,29/10;Nov: 16 ord (incl.4 FD expediting)+ Insp: TMeic (BHEL S/o)-Drives-8,18/11;Doc Rev/IRN endors: CGL Drives-19/11;Tecnicas/TLT -ID/FD Fans-20/11; Tecnicas/ABB-VFD-13/11; TR - Rev/IRN endors of Exp.Joints & Tube seals(17/12);12ord exp (incl 1 FD sub);Jan:25: 12ord exp (incl 1 FD sub);Feb25: 12 ord (incl 2 FD sub);Mar25:12 ord (incl 2 FD sub; KSBMIL - Rev. & IRN endorsement of 4 lots Control Valves; Apr25: 15ord( inc 2 ord FD sub+1OCS);PO131-rev/end of TPI recds - 4h; May'25: 16ord(incl.1ord FD sub & 1OCS);Jul'25: 16ord(incl.2 ord FD sub);PO155(End of TPI IRN)-26/6(0.5d);30h rel on 24/7[290]; Jul: Tec Reunidas-Spools Doc rev/IRN end- 14/7(0.5d);Weir Min-Hydrocyclone-Mtg. on Insp Clarifications-8/7(0.5d) | J24: Himangshu Pal/Sanjeev Kumar/Ayush Mathur/Shivaji/VVR Murthy | P24: 24h rel. on 5/10;4h rel on 29/2 [56]8h rel on 5/4[64];12h rel on 17/8[90];20h rel on 17/9[110];:16h rel on 10/10[127];18h rel pn 18/11[145]; 30h rel on 26/12[175];20h rel on 10/2[195] ; 35h rel on 21/4[230];15 h rel on 24/5[245]; 15 rel on 16/6[260]
A25: B448 | B25: 1 | C25: 0 | D25: 8 | E25: =8*2.5 | F25: =SUM(C25:E25) | G25: Insp. & exp. Of Direct ordered items; For LSTK, insp@ payment on manday item rate;resolution of queries on insp from bid till compln. Of pjt;expediting, if reqd. by Owner - ABB-Plant Automation- Inspection: Consoles - 28/7(1d); Doc Rev: Telephone Booth - Baliga-Doc rev/IRN endors(1/7);Emerson Mass FM QAP rev(8/7);Control Valves qAP rev(10/7);Metering Skid WPS/PQR rev(11/7);28h for Jun&Jul rel on 2/9[280] | J25: Himangshu Pal/Sanjeev Kumar/UK Mishra/RK Medhavi | Q25: 12 h issued on 11/1;4h rel on 11/3[22];8h rel on 6/4[30];20h rel on 11/5 [50];2h rel on 9/10 (sep ts closed so used in Oct)[56];2h rel on 10/4- to be used in Apr TS[56];18h rel on 22/5[74];4h rel on 1/7[78]; 16h rel on 27/8[110];8h rel on 4/3 [160];32h rel on 21/4[192]
A26: B519 | B26: 4 | C26: =2*B26+1*4 | D26: =8*1 | E26: 0 | F26: =SUM(C26:E26) | G26: As per Pjt Prof, desk expediting by HO team, unless specifically sought from RPO(critical items). -Insp.(within4 days of call) & FD cert. by us - OCS not applicable. Insp @MIL -PO6823- 22/11; Insp@MIL on 9/12; Mtg. with YIL to expedite Analyser order (being followed up by Client); Mar25: 4 ord expediting - Check OCS status of B519/6821-YIL - shown o/s in Consolidated EPS rept; Apr'25: 2 runn ord (FD exp)+1OCS; May'25-1run ord+2ord FD exp;Jul'25-4 ord incl.2FD exp.; PO 6827-YIL - insp-25/7(1d) | J26: Chandrashekhar/HarshVardan/Prakash Jagarwal/DSNMurty
A27: B548 | B27: 0 | C27: 0 | D27: 0 | E27: 0 | F27: =SUM(C27:E27) | G27: Alleima- Exchanger - Exp+QAP comments - ITP R1- rev-6/2; Control Panel ITP rev- 7/2; FAT of TCP rev-12/2; Mtg/communications for resolution of issue w.r.t Heating Element MOC - 6,9/2; Nov: 1 OCS + Insp. - Emerson S/o on Microfinish - 27/11 & 20/12 | J27: HP/Sanjeev Kr/T Ravi/NS Vasudev/Sanjeev Kr Gupta | P27: 8h all on 30/5;4h on 7/8[20];Dec/Jan/Feb-4h each[32];4h rel on 10/4- Mar TS closed- to be used in Apr[36];4h rel on 24/6[40];4h rel on 9/7[44];4h rel on 12/9[48];4h rel on 30/12[52];12h rel on 30/12[64]
A28: B559 | B28: 6 | C28: =2*B28 | D28: 0 | E28: 0 | F28: =SUM(C28:E28) | G28: IOCL Biturox,Vad-Proj. Prof. uploaded on 20/3- Desk Expediting - NO OCS; 5 orders expediting (incl. 1 OCS) | J28: Sanjay Choudhary/SK Gayen/RK Gupta | P28: 86h rel on 13/3 [86];104h rel on 1/4[190]; 72 sought for Apr- 160 issued considering upcoming Chiller insp (88h extra avl. For May'24[350]-20h rel on 29/5[370];60mh rel on 1/7[386];20mh rel on 1/8[406];16h rel on 25/10[422];1h rel on 24/6 in B559-01[1]
A29: B560 | B29: 13 | C29: =2*B29 | E29: 0 | F29: =SUM(C29:E29) | G29: Req.from ED(I) for expediting on 15/6/24 - 13 orders (incl.1 OCS) & OCS also to be made as per latest reqt.; | J29: Chandrashekhar/Vinod Kumar/RK Medhavi | P29: 100h rel on 23/4
A30: B589 | B30: 0 | C30: 0 | D30: 0 | E30: 0 | F30: 0 | J30: Himangshu Pal/Sanjeev Kr/T Ravi/NS Vasudev/Sanjeev Kr Gupta | P30: 8h rel on 6/6;8h on 7/8[18];8in oct,8 in dec,4 in Jan[38];12 on 5/4[50];8h rel on 10/4-Mar TS closed - to be used in Apr.[58];8h rel on 24/6[64];8h rel on 17/8[78];8h rel on 5/9[86];8h rel on 11/9[94]
A31: B650 | B31: 2 | C31: =B31*2 | F31: =SUM(C31:E31) | G31: No scope for RPO - however, OCS to be done | J31: Sanjay Choudhary/Siddant Kumar
A32: B653 | B32: 13 | C32: =2*B32+1*4 | E32: 8 | F32: =SUM(C32:E32) | G32: Expediting by RPOs as per email dtd 22/10/24, OCS by RPO as per CS mail dt 17/1; (13 running incl 3FD exp);Univ Insts -Rev. mtg & Show Cause Notice issue reco. -8h | J32: Sanjeev Kumar/Aasheesh Handa/Amandeep Kaur | P32: 40h rel on 9/4/24 [40]
A33: B725 | B33: 4 | D33: 0 | E33: 0 | F33: =SUM(C33:E33) | G33: No expediting; | J33: Himangshu/Sanjeev Kumar- Scope: Rev. of ITP,Insp Docs & FD | P33: 4h sought by BT on 27/5 to Sanjeev Kr
A34: B767 | D34: 0 | E34: 0 | F34: =SUM(C34:E34) | J34: Himangshu Pal/Vikalp Paliwal/Balakumar | P34: 200 h rel on 8/8/23;20h bkd in Aug; Next tranche of 200h relsd on 10/1/24 (for period Dec to Feb'24)[400];Next tranche of 250h relsd on 9/7/24 (for period Dec'24)[650]-50h rel on 31/3 [700]
A35: B795 | B35: 2 | D35: 0 | F35: =SUM(C35:E35) | G35: QAP appl. & Insp. in EIL scope | J35: G Suresh/Hemant Gadasia/Tarun Bansal/Dipak Panchal | P35: 32h rels. On 12/9;64h on 16/1; addl 100h rel on 20/1 [276]
A36: B813 | B36: 1 | C36: =2*B36 | F36: =SUM(C36:E36) | G36: Expedite & Inspect critical items (list provided in mail dt.29/5/25) EIL on man-day reimbursable basis - 1 order on KSBMIL | J36: Sanjeev Kumar/Raviraj/Shivaji | M36: NRL-Aqueous Ammonia Unit
A37: B861 | B37: 1 | D37: 0 | E37: 8 | F37: =SUM(C37:E37) | G37: Enginemtes order - prelim mtg & rev. of Quality reqts | J37: G Suresh/Hemant Gadasia/
A38: B862 | B38: 4 | C38: =B38*2 | F38: =SUM(C38:E38) | G38: manhour for Level- 13 (Group-2), Level -15 & 16 (Group-4) and Level-18 (Group-5) have far exceeded ceiling prescribed in the contract - >Lvl 17-mh limited to 16% | J38: Himangshu Pal/Sanjeev Kumar/Rajeev Khandelwal IOM 10/7/24 from Mr Rajeev Khandelwal on level wise breakup of MH to be booked - to be followed while seeking MH. | M38: PLL | P38: 200h rel in May'25
A39: B865 | B39: 1 | G39: EIL-Inspection scope of work is limited to review & approval of QAP and providing dispatch clearance; Moreover, as per contract provision, HPCL may request for inspection by EIL as & when they found it necessary which will be over & above the TPIA inspection and manhours for same shall be reimbursed by HPCL for such shop visits - No expediting at RPO | J39: Avdesh Agrawal | M39: HPCL Petchem Mktg Terminal
A40: B903 | B40: 3 | C40: =2*B40 | F40: =SUM(C40:E40) | G40: 18h rel on 30/9[34] | J40: Sanjeev Kumar/Shnaoli
A41: B904 | B41: 1 | C41: =2*1 | F41: =SUM(C41:E41) | G41: 8h rel on 30/9[14] | J41: Sanjeev Kumar/Shnaoli | O41: Proj. prof. n.avl.
A42: B933 | B42: 1 | C42: =2*1 | E42: =8*0.5 | F42: =SUM(C42:E42) | G42: Pump ITP rev-19/8(0.5d)-8h rel on 18/9[8] | J42: G Suresh/Binoy Debnath
A43: C007 | B43: 3 | D43: =8*B43 | F43: =SUM(C43:E43) | G43: 8Welspun deputation from 1/8 to 13/7 | J43: Himangshu Pal/Hemant Gadasia
A44: Leave | B44: 7 | F44: =8*B44 | G44: VR:; AG:1,9;SV-;US:2,9 ;BT-22,25;NV-30 | O44: =F44-N44 | P44: 68
A45: Total | B45: =SUM(B10:B44) | F45: =SUM(F4:F44) | O45: =F45-N45 | P45: =SUM(P10:P44) | Q45: =672-P45
I46: =52*5*3- 36
A47: Notes:
A48: 1. If there are any other job nos., pl. include the same.
A49: Guidelines :
A50: 1. Inspection Visit including review and endorsement of final documents: At actual
A51: 2. Expediting and preparation of expediting report: Average 2 hours /month /order ( No separate man hours for coordination )
A52: 3. Expediting visit/ Attending meeting with project/.Client: At actual
A53: 4. Review of ITP for Bulk items under package order: Average 1 hour/ ITP ( No man hours for standard EIL ITP being used by the supplier/Contractor)
A54: 5. Review of ITP for Equipment (Mechanical and Electrical/DCS etc): Average 2 hours/order
A55: 6. Endorsement of IRN issued by the TPIA and issue of despatch Clearance on review of Inspection documents as per scope defined in project profile/original contract for Bulk items: 4 Hour/IRN of TPIA
A56: 7. Endorsement of IRN issued by the TPIA and issue of despatch Clearance on review of Inspection documents as per project profile/contract for Equipment like Column/ DCS/Compressor/Pumps etc: 8 Hours/IRN of TPIA
A57: 8. Order Closing report: Average 2 hours/Order

Sheet Jul25
A1: RPO : Bengaluru | D1: LOCATION CODE : 18-42-506 | H1: MONTH : | I1: 45839 | M1: Total MH reqd: | O1: =ConsolidatedMHrequirementJul25!A2
A3: Job No | B3: Number of Purchase Orders | C3: No of Engineers deployed | D3: No of Inspn / Expediting Visits | E3: No of Expediting Reports / Desk expediting | F3: No of OCRs | G3: Manhours for Inspection | H3: Manhours for expediting | I3: Others | J3: Total Manhours required | K3: Recd as on 19/09/25 | L3: Shortfall
A4: 4994 | B4: =ConsolidatedMHrequirementJul25!B4 | G4: =ConsolidatedMHrequirementJul25!D4 | H4: =ConsolidatedMHrequirementJul25!C4 | I4: =ConsolidatedMHrequirementJul25!E4 | J4: =VLOOKUP(A4,ConsolidatedMHrequirementJul25!$A$4:$I$44,6,FALSE) | K4: 48 | L4: =J4-K4 | M4: =ConsolidatedMHrequirementJul25!G4
A5: 6979 | B5: =ConsolidatedMHrequirementJul25!B5 | G5: =ConsolidatedMHrequirementJul25!D5 | H5: =ConsolidatedMHrequirementJul25!C5 | I5: =ConsolidatedMHrequirementJul25!E5 | J5: =VLOOKUP(A5,ConsolidatedMHrequirementJul25!$A$4:$I$44,6,FALSE) | L5: =J5-K5 | M5: =ConsolidatedMHrequirementJul25!G5
A6: 7716 | B6: =ConsolidatedMHrequirementJul25!B6 | G6: =ConsolidatedMHrequirementJul25!D6 | H6: =ConsolidatedMHrequirementJul25!C6 | I6: =ConsolidatedMHrequirementJul25!E6 | J6: =VLOOKUP(A6,ConsolidatedMHrequirementJul25!$A$4:$I$44,6,FALSE) | L6: =J6-K6 | M6: =ConsolidatedMHrequirementJul25!G6
A7: 8518 | B7: =ConsolidatedMHrequirementJul25!B7 | G7: =ConsolidatedMHrequirementJul25!D7 | H7: =ConsolidatedMHrequirementJul25!C7 | I7: =ConsolidatedMHrequirementJul25!E7 | J7: =VLOOKUP(A7,ConsolidatedMHrequirementJul25!$A$4:$I$44,6,FALSE) | L7: =J7-K7 | M7: =ConsolidatedMHrequirementJul25!G7
A8: 8590 | B8: =ConsolidatedMHrequirementJul25!B8 | G8: =ConsolidatedMHrequirementJul25!D8 | H8: =ConsolidatedMHrequirementJul25!C8 | I8: =ConsolidatedMHrequirementJul25!E8 | J8: =VLOOKUP(A8,ConsolidatedMHrequirementJul25!$A$4:$I$44,6,FALSE) | L8: =J8-K8 | M8: =ConsolidatedMHrequirementJul25!G8
A9: B016 | B9: =ConsolidatedMHrequirementJul25!B9 | G9: =ConsolidatedMHrequirementJul25!D9 | H9: =ConsolidatedMHrequirementJul25!C9 | I9: =ConsolidatedMHrequirementJul25!E9 | J9: =VLOOKUP(A9,ConsolidatedMHrequirementJul25!$A$4:$I$44,6,FALSE) | L9: =J9-K9 | M9: =ConsolidatedMHrequirementJul25!G9
A10: B035 | B10: =ConsolidatedMHrequirementJul25!B10 | G10: =ConsolidatedMHrequirementJul25!D10 | H10: =ConsolidatedMHrequirementJul25!C10 | I10: =ConsolidatedMHrequirementJul25!E10 | J10: =VLOOKUP(A10,ConsolidatedMHrequirementJul25!$A$4:$I$44,6,FALSE) | L10: =J10-K10 | M10: =ConsolidatedMHrequirementJul25!G10
A11: B038 | B11: =ConsolidatedMHrequirementJul25!B11 | G11: =ConsolidatedMHrequirementJul25!D11 | H11: =ConsolidatedMHrequirementJul25!C11 | I11: =ConsolidatedMHrequirementJul25!E11 | J11: =VLOOKUP(A11,ConsolidatedMHrequirementJul25!$A$4:$I$44,6,FALSE) | L11: =J11-K11 | M11: 1order OCS
A12: B058 | B12: =ConsolidatedMHrequirementJul25!B12 | G12: =ConsolidatedMHrequirementJul25!D12 | H12: =ConsolidatedMHrequirementJul25!C12 | I12: =ConsolidatedMHrequirementJul25!E12 | J12: =VLOOKUP(A12,ConsolidatedMHrequirementJul25!$A$4:$I$44,6,FALSE) | L12: =J12-K12 | M12: =ConsolidatedMHrequirementJul25!G12
A13: B224 | B13: =ConsolidatedMHrequirementJul25!B13 | G13: =ConsolidatedMHrequirementJul25!D13 | H13: =ConsolidatedMHrequirementJul25!C13 | I13: =ConsolidatedMHrequirementJul25!E13 | J13: =VLOOKUP(A13,ConsolidatedMHrequirementJul25!$A$4:$I$44,6,FALSE) | K13: 256 | L13: =J13-K13 | M13: =ConsolidatedMHrequirementJul25!G13
A14: B229 | B14: =ConsolidatedMHrequirementJul25!B14 | G14: =ConsolidatedMHrequirementJul25!D14 | H14: =ConsolidatedMHrequirementJul25!C14 | I14: =ConsolidatedMHrequirementJul25!E14 | J14: =VLOOKUP(A14,ConsolidatedMHrequirementJul25!$A$4:$I$44,6,FALSE) | L14: =J14-K14 | M14: =ConsolidatedMHrequirementJul25!G14
A15: B269 | B15: =ConsolidatedMHrequirementJul25!B15 | G15: =ConsolidatedMHrequirementJul25!D15 | H15: =ConsolidatedMHrequirementJul25!C15 | I15: =ConsolidatedMHrequirementJul25!E15 | J15: =VLOOKUP(A15,ConsolidatedMHrequirementJul25!$A$4:$I$44,6,FALSE) | K15: 44 | L15: =J15-K15 | M15: =ConsolidatedMHrequirementJul25!G15
A16: B285 | B16: =ConsolidatedMHrequirementJul25!B16 | G16: =ConsolidatedMHrequirementJul25!D16 | H16: =ConsolidatedMHrequirementJul25!C16 | I16: =ConsolidatedMHrequirementJul25!E16 | J16: =VLOOKUP(A16,ConsolidatedMHrequirementJul25!$A$4:$I$44,6,FALSE) | L16: =J16-K16 | M16: =ConsolidatedMHrequirementJul25!G16
A17: B297 | B17: =ConsolidatedMHrequirementJul25!B17 | G17: =ConsolidatedMHrequirementJul25!D17 | H17: =ConsolidatedMHrequirementJul25!C17 | I17: =ConsolidatedMHrequirementJul25!E17 | J17: =VLOOKUP(A17,ConsolidatedMHrequirementJul25!$A$4:$I$44,6,FALSE) | K17: 8 | L17: =J17-K17 | M17: =ConsolidatedMHrequirementJul25!G17
A18: B302 | B18: =ConsolidatedMHrequirementJul25!B18 | G18: =ConsolidatedMHrequirementJul25!D18 | H18: =ConsolidatedMHrequirementJul25!C18 | I18: =ConsolidatedMHrequirementJul25!E18 | J18: =VLOOKUP(A18,ConsolidatedMHrequirementJul25!$A$4:$I$44,6,FALSE) | L18: =J18-K18 | M18: =ConsolidatedMHrequirementJul25!G18
A19: B348 | B19: =ConsolidatedMHrequirementJul25!B19 | F19: 1 | G19: =ConsolidatedMHrequirementJul25!D19 | H19: =ConsolidatedMHrequirementJul25!C19 | I19: =ConsolidatedMHrequirementJul25!E19 | J19: =VLOOKUP(A19,ConsolidatedMHrequirementJul25!$A$4:$I$44,6,FALSE) | K19: 12 | L19: =J19-K19 | M19: =ConsolidatedMHrequirementJul25!G19
A20: B359 | B20: =ConsolidatedMHrequirementJul25!B20 | G20: =ConsolidatedMHrequirementJul25!D20 | H20: =ConsolidatedMHrequirementJul25!C20 | I20: =ConsolidatedMHrequirementJul25!E20 | J20: =VLOOKUP(A20,ConsolidatedMHrequirementJul25!$A$4:$I$44,6,FALSE) | L20: =J20-K20 | M20: =ConsolidatedMHrequirementJul25!G20
A21: B378 | B21: =ConsolidatedMHrequirementJul25!B21 | G21: =ConsolidatedMHrequirementJul25!D21 | H21: =ConsolidatedMHrequirementJul25!C21 | I21: =ConsolidatedMHrequirementJul25!E21 | J21: =VLOOKUP(A21,ConsolidatedMHrequirementJul25!$A$4:$I$44,6,FALSE) | K21: 138 | L21: =J21-K21 | M21: =ConsolidatedMHrequirementJul25!G21
A22: B414 | B22: =ConsolidatedMHrequirementJul25!B22 | G22: =ConsolidatedMHrequirementJul25!D22 | H22: =ConsolidatedMHrequirementJul25!C22 | I22: =ConsolidatedMHrequirementJul25!E22 | J22: =VLOOKUP(A22,ConsolidatedMHrequirementJul25!$A$4:$I$44,6,FALSE) | L22: =J22-K22 | M22: =ConsolidatedMHrequirementJul25!G22
A23: B436 | B23: =ConsolidatedMHrequirementJul25!B23 | G23: =ConsolidatedMHrequirementJul25!D23 | H23: =ConsolidatedMHrequirementJul25!C23 | I23: =ConsolidatedMHrequirementJul25!E23 | J23: =VLOOKUP(A23,ConsolidatedMHrequirementJul25!$A$4:$I$44,6,FALSE) | L23: =J23-K23 | M23: =ConsolidatedMHrequirementJul25!G23
A24: B440 | B24: =ConsolidatedMHrequirementJul25!B24 | G24: =ConsolidatedMHrequirementJul25!D24 | H24: =ConsolidatedMHrequirementJul25!C24 | I24: =ConsolidatedMHrequirementJul25!E24 | J24: =VLOOKUP(A24,ConsolidatedMHrequirementJul25!$A$4:$I$44,6,FALSE) | K24: 0 | L24: =J24-K24 | M24: =ConsolidatedMHrequirementJul25!G24
A25: B448 | B25: =ConsolidatedMHrequirementJul25!B25 | G25: =ConsolidatedMHrequirementJul25!D25 | H25: =ConsolidatedMHrequirementJul25!C25 | I25: =ConsolidatedMHrequirementJul25!E25 | J25: =VLOOKUP(A25,ConsolidatedMHrequirementJul25!$A$4:$I$44,6,FALSE) | K25: 28 | L25: =J25-K25 | M25: =ConsolidatedMHrequirementJul25!G25
A26: B519 | B26: =ConsolidatedMHrequirementJul25!B26 | G26: =ConsolidatedMHrequirementJul25!D26 | H26: =ConsolidatedMHrequirementJul25!C26 | I26: =ConsolidatedMHrequirementJul25!E26 | J26: =VLOOKUP(A26,ConsolidatedMHrequirementJul25!$A$4:$I$44,6,FALSE) | L26: =J26-K26 | M26: =ConsolidatedMHrequirementJul25!G26
A27: B548 | B27: =ConsolidatedMHrequirementJul25!B27 | G27: =ConsolidatedMHrequirementJul25!D27 | H27: =ConsolidatedMHrequirementJul25!C27 | I27: =ConsolidatedMHrequirementJul25!E27 | J27: =VLOOKUP(A27,ConsolidatedMHrequirementJul25!$A$4:$I$44,6,FALSE) | L27: =J27-K27 | M27: =ConsolidatedMHrequirementJul25!G27
A28: B559 | B28: =ConsolidatedMHrequirementJul25!B28 | F28: 1 | G28: =ConsolidatedMHrequirementJul25!D28 | H28: =ConsolidatedMHrequirementJul25!C28 | I28: =ConsolidatedMHrequirementJul25!E28 | J28: =VLOOKUP(A28,ConsolidatedMHrequirementJul25!$A$4:$I$44,6,FALSE) | L28: =J28-K28 | M28: =ConsolidatedMHrequirementJul25!G28
A29: B560 | B29: =ConsolidatedMHrequirementJul25!B29 | F29: 1 | G29: =ConsolidatedMHrequirementJul25!D29 | H29: =ConsolidatedMHrequirementJul25!C29 | I29: =ConsolidatedMHrequirementJul25!E29 | J29: =VLOOKUP(A29,ConsolidatedMHrequirementJul25!$A$4:$I$44,6,FALSE) | L29: =J29-K29 | M29: =ConsolidatedMHrequirementJul25!G29
A30: B589 | B30: =ConsolidatedMHrequirementJul25!B30 | G30: =ConsolidatedMHrequirementJul25!D30 | H30: =ConsolidatedMHrequirementJul25!C30 | I30: =ConsolidatedMHrequirementJul25!E30 | J30: =VLOOKUP(A30,ConsolidatedMHrequirementJul25!$A$4:$I$44,6,FALSE) | L30: =J30-K30 | M30: =ConsolidatedMHrequirementJul25!G30
A31: B650 | B31: =ConsolidatedMHrequirementJul25!B31 | G31: =ConsolidatedMHrequirementJul25!D31 | H31: =ConsolidatedMHrequirementJul25!C31 | I31: =ConsolidatedMHrequirementJul25!E31 | J31: =VLOOKUP(A31,ConsolidatedMHrequirementJul25!$A$4:$I$44,6,FALSE) | L31: =J31-K31 | M31: =ConsolidatedMHrequirementJul25!G31
A32: B653 | B32: =ConsolidatedMHrequirementJul25!B32 | G32: =ConsolidatedMHrequirementJul25!D32 | H32: =ConsolidatedMHrequirementJul25!C32 | I32: =ConsolidatedMHrequirementJul25!E32 | J32: =VLOOKUP(A32,ConsolidatedMHrequirementJul25!$A$4:$I$44,6,FALSE) | L32: =J32-K32 | M32: =ConsolidatedMHrequirementJul25!G32
A33: B725 | B33: =ConsolidatedMHrequirementJul25!B33 | G33: =ConsolidatedMHrequirementJul25!D33 | H33: =ConsolidatedMHrequirementJul25!C33 | I33: =ConsolidatedMHrequirementJul25!E33 | J33: =VLOOKUP(A33,ConsolidatedMHrequirementJul25!$A$4:$I$44,6,FALSE) | L33: =J33-K33 | M33: =ConsolidatedMHrequirementJul25!G33
A34: B767 | B34: =ConsolidatedMHrequirementJul25!B34 | G34: =ConsolidatedMHrequirementJul25!D34 | H34: =ConsolidatedMHrequirementJul25!C34 | I34: =ConsolidatedMHrequirementJul25!E34 | J34: =VLOOKUP(A34,ConsolidatedMHrequirementJul25!$A$4:$I$44,6,FALSE) | L34: =J34-K34 | M34: =ConsolidatedMHrequirementJul25!G34
A35: B795 | B35: =ConsolidatedMHrequirementJul25!B35 | G35: =ConsolidatedMHrequirementJul25!D35 | H35: =ConsolidatedMHrequirementJul25!C35 | I35: =ConsolidatedMHrequirementJul25!E35 | J35: =VLOOKUP(A35,ConsolidatedMHrequirementJul25!$A$4:$I$44,6,FALSE) | L35: =J35-K35 | M35: =ConsolidatedMHrequirementJul25!G35
A36: B813 | B36: =ConsolidatedMHrequirementJul25!B36 | G36: =ConsolidatedMHrequirementJul25!D36 | H36: =ConsolidatedMHrequirementJul25!C36 | I36: =ConsolidatedMHrequirementJul25!E36 | J36: =VLOOKUP(A36,ConsolidatedMHrequirementJul25!$A$4:$I$44,6,FALSE) | L36: =J36-K36 | M36: =ConsolidatedMHrequirementJul25!G36
A37: B861 | B37: =ConsolidatedMHrequirementJul25!B37 | G37: =ConsolidatedMHrequirementJul25!D37 | H37: =ConsolidatedMHrequirementJul25!C37 | I37: =ConsolidatedMHrequirementJul25!E37 | J37: =VLOOKUP(A37,ConsolidatedMHrequirementJul25!$A$4:$I$44,6,FALSE) | L37: =J37-K37 | M37: =ConsolidatedMHrequirementJul25!G37
A38: B862 | B38: =ConsolidatedMHrequirementJul25!B38 | G38: =ConsolidatedMHrequirementJul25!D38 | H38: =ConsolidatedMHrequirementJul25!C38 | I38: =ConsolidatedMHrequirementJul25!E38 | J38: =VLOOKUP(A38,ConsolidatedMHrequirementJul25!$A$4:$I$44,6,FALSE) | L38: =J38-K38 | M38: =ConsolidatedMHrequirementJul25!G38
A39: B865 | B39: =ConsolidatedMHrequirementJul25!B39 | G39: =ConsolidatedMHrequirementJul25!D39 | H39: =ConsolidatedMHrequirementJul25!C39 | I39: =ConsolidatedMHrequirementJul25!E39 | J39: =VLOOKUP(A39,ConsolidatedMHrequirementJul25!$A$4:$I$44,6,FALSE) | L39: =J39-K39 | M39: =ConsolidatedMHrequirementJul25!G39
A40: B903 | B40: =ConsolidatedMHrequirementJul25!B40 | G40: =ConsolidatedMHrequirementJul25!D40 | H40: =ConsolidatedMHrequirementJul25!C40 | I40: =ConsolidatedMHrequirementJul25!E40 | J40: =VLOOKUP(A40,ConsolidatedMHrequirementJul25!$A$4:$I$44,6,FALSE) | K40: 18 | L40: =J40-K40 | M40: =ConsolidatedMHrequirementJul25!G40
A41: B904 | B41: =ConsolidatedMHrequirementJul25!B41 | G41: =ConsolidatedMHrequirementJul25!D41 | H41: =ConsolidatedMHrequirementJul25!C41 | I41: =ConsolidatedMHrequirementJul25!E41 | J41: =VLOOKUP(A41,ConsolidatedMHrequirementJul25!$A$4:$I$44,6,FALSE) | K41: 8 | L41: =J41-K41 | M41: =ConsolidatedMHrequirementJul25!G41
A42: B933 | B42: =ConsolidatedMHrequirementJul25!B42 | G42: =ConsolidatedMHrequirementJul25!D42 | H42: =ConsolidatedMHrequirementJul25!C42 | I42: =ConsolidatedMHrequirementJul25!E42 | J42: =VLOOKUP(A42,ConsolidatedMHrequirementJul25!$A$4:$I$44,6,FALSE) | K42: 8 | L42: =J42-K42 | M42: =ConsolidatedMHrequirementJul25!G42
A43: C007 | B43: =ConsolidatedMHrequirementJul25!B43 | G43: =ConsolidatedMHrequirementJul25!D43 | H43: =ConsolidatedMHrequirementJul25!C43 | I43: =ConsolidatedMHrequirementJul25!E43 | J43: =VLOOKUP(A43,ConsolidatedMHrequirementJul25!$A$4:$I$44,6,FALSE) | M43: =ConsolidatedMHrequirementJul25!G43
A44: Leave | B44: =ConsolidatedMHrequirementJul25!B44 | G44: =ConsolidatedMHrequirementJul25!D44 | H44: =ConsolidatedMHrequirementJul25!C44 | I44: =ConsolidatedMHrequirementJul25!E44 | J44: =VLOOKUP(A44,ConsolidatedMHrequirementJul25!$A$4:$I$44,6,FALSE) | K44: 56 | L44: =J44-K44 | M44: =ConsolidatedMHrequirementJul25!G44
A45: Total | G45: =ConsolidatedMHrequirementJul25!D45 | H45: =ConsolidatedMHrequirementJul25!C45 | I45: =ConsolidatedMHrequirementJul25!E45 | J45: =VLOOKUP(A45,ConsolidatedMHrequirementJul25!$A$4:$I$45,6,FALSE) | K45: =SUM(K4:K44) | L45: =SUM(L4:L44)
A48: Guidelines :
A49: 1. Inspection Visit including review and endorsement of final documents: At actual
A50: 2. Expediting and preparation of expediting report: Average 2 hours /month /order ( No separate man hours for coordination )
A51: 3. Expediting visit/ Attending meeting with project/.Client: At actual
A52: 4. Review of ITP for Bulk items under package order: Average 1 hour/ ITP ( No man hours for standard EIL ITP being used by the supplier/Contractor)
A53: 5. Review of ITP for Equipment (Mechanical and Electrical/DCS etc): Average 2 hours/order
A54: 6. Endorsement of IRN issued by the TPIA and issue of despatch Clearance on review of Inspection documents as per scope defined in project profile/original contract for Bulk items: 4 Hour/IRN of TPIA
A55: 7. Endorsement of IRN issued by the TPIA and issue of despatch Clearance on review of Inspection documents as per project profile/contract for Equipment like Column/ DCS/Compressor/Pumps etc: 8 Hours/IRN of TPIA
A56: 8. Order Closing report: Average 2 hours/Order

Sheet ConsolidatedMHrequirementAug25
A1: Consolidated man hour requirement for Aug'25
A2: =(19*8*6)
A3: Job No | B3: No. of orders | C3: Exp. | D3: Inspn | E3: Others | F3: Total | G3: *Others/ Remarks | J3: Insp/ Project Coordinators | N3: MH available as on | O3: MH to be released for Aug'25 | P3: Allotted | Q3: 8518 reqd
A4: 4994 | B4: 3 | E4: =8*B4 | F4: =SUM(C4:E4) | G4: Reval:Gita Refrac, Schneider(16h),Enh:Tmeic(8h);24h rel on 19/9[4430] | J4: Rajesh Sinha | N4: 0 | O4: 32 | P4: 0 | Q4: 32h relsd on 14/1;40h relsd on 18/2;96 hr relsd on 16/3/20;24h relsd on 23/6;16hr allotted on 23/9; 32h issued on 28/6;40mh rels on 25/11;48h relsd on 1/2/22;56h issued on 21/3/22;16h relsd on 2/5/22;32 h rel on 27/6;32h rel on 30/11;24h rel on 9/2;32h rel on 28/3;36h ;32h rel on 22/5[3998]on 1/5;48h rel on 31/5;64h rel on 27/6;64h rel on 27/7;28h rel on 11/9 against 32 sought;8mh of Sep rel on 16/10;[3844 upto 8/1]40h rel on 8/1;48h rel on 1/4[3976];32h rel on 22/5[4006];36h on 4/6[4042];48h rel on 29/10[4154];44h for Nov & Dec, rel. on 3/1/25[4198};24h rel on 10/2 [4222];- 16h rel on 22/4[4238];72h rel on 27/5[4310];16h rel on 11/7[4326]
A5: 6979 | F5: 0 | Q5: 60h rel on 14/10 against MH for Vert. B; 36h rel on 8/1 in lieu of B302 [96];in lieu of B302106 mh rel against 6979 on 21/4 (for Jan/Feb/Mar) 6979-[202]
A6: 7716 | D6: 0 | E6: =8*0 | F6: =SUM(C6:E6) | J6: Sanjeev Kumar/ Yatendra Agrawal - EIB Renovation | P6: 16h rel on 9/4 against Climaveneta order referred in 8590 above [28]
A7: 8518 | B7: 0 | C7: 0 | D7: 0 | F7: 200 | G7: Admin works,Insp Guidelines/Typ Test review/ITP revision(E&I ITPS)/Std. Spec review,other miscellaneous works incl. Dept Mktg leads; Hosp Nomination;Capex Requirements for Off. & GH, Vehicle Hiring Contract-301h bkd by US | J7: Tech Develop & OH | N7: 300 | Q7: 123h avl as on 27/6/22(2200 in 8518-02);300mh issued on 8/8/22 (tot. 2800mh/2521 consumed as of 8/8) - 2679 consumed as on 16/8- 121 hrs avl.[254h consumed in Jul'22]; 200h relsd on 6/9 in place of 300 sought (3000 as on 6/9/22);300 mh rel on 13/10 - 3300 as on 13/10;200h rel on 14/12[3500 as on 15/12];200h rel on 13/1/23[3800 as on 19/1/23] (176h avl. as on 19/1, after closure of Dec TS); 300mh rel on 20/2/23 against 8518-00 [15100-12657=2443mh];1836h rel on 18/3 -15998;for Apr MH, 418 mh rel on 4/6/24[15348];410 mh rel on 16/7[16408];60mh utilised in Sep [17331];417 mh rel. on 11/12 for Oct[17748];500mh rel on 17/1[18248];125 mh rel on 23/1[18373];316h rel on 4/3[18673];200h rel on 24/4[19398];600h rel on 25/7[19998];2200h rel on 12/9[22198] to tk care of US TS compln.-301h bkd by US;bal:1169h avl
A8: 8590 | C8: 16 | D8: 0 | F8: 16 | G8: Prostarm/HBL Batteries Review & IRN endorsement - 12,13/8 - 16h rel on 25/8[179]
A9: B016 | B9: 0 | C9: 0 | E9: 0 | F9: 0 | J9: Uday Pratap Singh/Pankaj Saxena/Alok Singh | Q9: 10h issued on 2/5[1714];16h rel on 2/7[1722];8h rel on 12/9[1730] for VFD
A10: B035 | B10: 1 | C10: =1*8 | D10: 0 | E10: 0 | F10: =C10+D10+E10 | G10: Expediting - Greensol; 24h rel on 27/10[1677] | J10: Saeed Akhtar/ D Jana | N10: 0 | O10: =F10-N10 | Q10: 47 hr avl on 19/7;64 h already bkd in jul; 28 hrs relsd on 16/11;24h relsd on 18/12;24h relsd on 14/1;32h issued-RAM val extn for YVT reqd;16 h on 16/3/20;16h relsd on 23/6/20; J/F/M request:80/40/40; 96 hrs given on 4/2/21'40h on 30/3/21;16h allotted on 28/6;40h relsd on 25/8;24h relsd on 26/10;32h relsd on25/11;24 h rel. in Dec;24h rel on 3/2/22;8h relsd on 1/8/22;8h relsd on 29/8;32h rel on 27/9;8h rel on 10/1[1249];8h on 9/2[1257];8h on 1/5[1275];8h on 31/5[1283];8h on 28/7[1291];8 h on 15/9[1307];8 h on 26/9[1315];32h rel on 1/12[1407;32h rel on 8/1[1471]; 8h+ 4h(B302) rel on 12/2[1483];8h +6h(B302) rel on 11/3[1497];8h rel on 1/4[1505];8h rel on 13/5[1513];16h for May & Jun rel on 1/7[1539];8h rel on 9/8[1555] 90h rel on 12/10 [1645]-10h bal c/f to Oct;8h rel on 28/2[1653]
A11: B038 | B11: 0 | C11: =2*B11 | D11: 0 | E11: 0 | F11: =C11+D11+E11 | G11: Expediting/fin.doc subm followup & OCS prep(16 nos) - 24h sought for Time ex.of YIL & other activities of past for CPCL on 22/12/21 - 16h relsd on 31/12/21; 1 Ord on FS recd in Oct-4h rel on 28/10; 8h sought on 5/12; Dec: 2 OCS +5 run. Ord. expediting - 28h sought (8h rel); Jan: 5 run ord +2 FD exp,Sandvik Mtgs - 36h sought - 12h rel [32];FEb- 20h sought-none relsd; Mar:32h sought- 16h issued; Meeting at Sandvik on 11/4/23 with MRPL; Apr:5 running orders+3FD expediting(32h)- total:40h sought - May: Alliema VC on 16/5/23;5 running orders+3FD expediting(32h)- 40h sought; 6r orders+2 OCS+Alliema expediting - 40h sought in Jun-16 relsd.[120];40 sought in Jul(8 ord+Alleima- exp incl. mtg on 26/7)); 36h sought in Aug- incl.7 orders(4 running) & Alleima Expediting [64 h sought on 28/8 incl. 28h short of Jul]; [20 h relsd [168] ;6 orders expediting- 24h;6 orders expediting;1 OCS on 12/9;Alleima expediting including visits to Hosur works on 1 & 7/9;Oct: 1 OCS done(704), 5 orders expediting- sought 24h;Nov: 7ord exp- 14hrs sought; Dec: 7 order expediting - 14h +4h- mtg with Head of Swims& IL for urgent intervention; Jan:7 ord exp - 14h(not rel); Feb:2Runn ord exp +1OCS+4FD exp; Mar: 2 Runn ord+3FDsub exp+1 OCS; Mtg with YIL on 7/3/24 for Turnkey Instn Job;Apr: 1 Rord;3 FD exp+1OCS;mtg with YIL -29/4; May: 2 FD exp+1OCS+ 1Rord Exp -8h;Jun: 1FD exp+1OCS+1Rord Exp-6h; Jul: 1ord fd exp; 1ord- YIL - excl.exp. with mtgs & daily f/ups; Aug- 2 ord - 4h; Sep-2 ord FD - 4h; Oct-2ord FD-4h ;Nov-2ord FD-4h;Dec-2ord FD-4h;Jan,Feb,Mar-2ord FD-4h; Apr- 2ord (incl 1OCS) -4h;May-1ord FD exp.;Jun-1 OCS | J11: Himanghsu Pal/Sanjeev Kumar/Aasheesh Handa | N11: 0 | O11: =F11-N11 | Q11: 60 hr allocated on 22/2/19 (first time); 140 hrs allotted on 26/4/19; 200h relsd on 7/8/19; 40 hrs relsd on 5/11/19;50 hrs relsd on 13/1/20;40 hr relsd on 20/2;;Bal. MH reqd from May'20 till completion of activities: 8 orders - 3 orders can get completed by Jul'20; bal 5 orders will go upto Sept- so Exp:3*3*4+5*5*4=136hrs;FD/OCS-29 orders -29*4*3=348 - So total - 484 mh; 16 hrs avl as on 27/5/20; 20 hrs avl. as on 20/8- RAM auth to be chkd;130h allotted on 29/9 - till end of pjt -brk up 40(sep),40(oct),50(Nov);16h relsd on 31/12/21;8h rel on 12/12; 8h rel on 6/1/23;12mh rel on 17/2 against 36 sought[32] b038-02;16h ag.20hsought on 27/2[48]; 16h rel on 6/4 against 20 sought[64];22h given against 40 sought on 15/5/23 [88];16h given in place of 40 on 19/6[104];12h (in place of 40h) rel on 8/8[132];28h rel on 7/9[160];16h rel on 9/10-sep ts closed - so used for Oct[184];26h rel on 18/12[210];10h on 11/1[220];7h rel on 4/3/24[234];16h rel for Mar [250];;8h on 4/6[270]8h rel on 4/8[278]
A12: B058 | B12: 1 | C12: 0 | F12: 0 | J12: Patra/Sanjay Dhuria | Q12: 8h rel on 1/8
A13: B224 | B13: 1 | C13: =8*0 | D13: =8*0 | E13: =8*32 | F13: =SUM(C13:E13) | G13: Insp: Afcons/Emerson/FCRI-USM-26/8;Megha/YIL-SRU DCS FAT-11-13/8;Megha/Emerson-Mag FM-FCRI-1/8;ABB-Analysers-6/8(1d);VV controls - Panels-21-23/8(2d);Megha/ABB-O2 Anal-5/8(1d);Megha/Meher-Ser.Reactor-4/8,Siemens/Southern Lub - LOS-13,14/8(2d);Megha/ABB-Drives-7,8/8(2d);Megha/Hitachi-Capacitor-11,12/8(2d);KSBMIL-Control Valves-11,12,18-21/8(3d);Afcons/FCRI-(1d);Megha/TDPS-Gen-22,23/8-(2d);Doc Rev: Tmeic Motors-21/8;MEIL-SLLDPE/PPU/Pkg9/Pkg10, Elec & Inst. QAPs-SCAP-9/8;Vertiv-6/8;Emerson-8/8;KSBMIL-CV+DSH-5/8;YIL-HHC-5/8;CO/SOx Anal-7,8,KSBMIL-3QAPs(-13/8;Emerson-LT-30/8;CGL-Power Cabl-22/8;Flexpro-JB-20/8;Chabi -Batt Ch.-22/8;KSBMIL-CV-26/8;Suyog-Cables-29/8;(15nos)-(8d) | J13: Mr Dipak Panchal / Mr Sunil Saurabh/ Mr R.K.Mohabe/Neena Mukherjee | N13: 0 | O13: 56 | Q13: 20 hrs issued on 9/20- addl 48 hrs provided on 18/11/20;48h recd on 8/1/21;64 mh against B224-05 recd on 14/5/21;56 h on 1/6/21;140h relsd on 6/12/21;190h relsd on 28/12/21;112h relsd on 2/2/22;64h relsd on 28/2/22;216h relsd on 28/3/22;88h relsd on 4/5/22;80h relsd on 29/6/22;80h relsd on 1/8/22;316h against all units relsd on 28/9 in unit 00; 114h relsd on 3/11/22; 120 h relsd on 4/12 against req. of 212h(804 in Unit 00 as on 6/12); 300 rel. on 6/1 in place of 388 sought [1104];172h rel on 172 on 16/2[1276];256h rel on 7/3[1532];300h (against 360 sought) rel on 5/4[1832];304h rel on 12/5[2136];300mh rel on 31/5 against 408 sought [2436]; 200h rel on 9/8 (264 sought)[3039]; 440h sought on 28/8 & resld on 11/9; 372h sought on 26/9- relsd on 4/10; 301 hr rel. for Nov & Dec against 480 sought on 8/1/24[4482];240mh issued on22/2 (against 252 sought) [4735];150h rel on 1/4 for feb & 150h rel on 6/4 for mar[5035];96h rel on 21/5[5131];96h rel on 2/7/24 (for May'24)[5227];272h rel on 16/7[5499]; 40h rel on 12/10[5635];90h rel on 10/1[5720];100h rel on 20/1[5820];21h rel on 10/2[5841];307h rel for Jan-Mar on 24/4
A14: B229 | B14: 0 | C14: =2*B14 | E14: 0 | F14: =SUM(C14:E14) | J14: Patra/JPS Kalra/DK Kesri | Q14: 40 hrs relsd on 13/8/21; 16 hr to be relsd on 29/9;24 hrs relsd on 31/12;24h relsd on 8/2/22;24h relsd on 9/5/22'20h resld on 9/6/22;24h relsd on 15/7;228 consumed as on 1/8/22;20 h relsd on 2/8/22; 20h resld on 12/9/22;24h relsd on 3/10;10h rel on 9/12;28h rel on 9/1[345];48h rel on 14/3 for Jan/Feb [393];20h rel on 17/4[413];20h rel on 15/5[433];36h rel on 22/6[469];32h rel on 11/7[501];56 h sought for Jul(32)+Aug(24) on 28/8 - 32h of Jul rel. on 11/9[533];16h rel on 5/10[549];20h rel on 29/11[569];40h rel on 27/12[609];30h on 10/1[639];40h on 21/2[679];16h on 29/3[695];30h on 5/4[725];;16h rel on 16/5[741];-16h rel on 16/7[757]; 24 h rel on 12/10 but not utilised since Name appl. Not yet recd - to be c/f to Oct[765];10h rel on 10/12[775]; 100h rel on 23/1[883;8h rel on 6/3 [901]
A15: B269 | B15: 18 | C15: =2*B15+4*2 | D15: =8*3 | E15: =8*2 | F15: =SUM(C15:E15) | G15: 13 running orders+ 4Orders FD sub expediting+1OCS; Critical Item Insp - YIL- U&O FAT- 4-6/8-(3d); BDK visit- (1d) for expediting rectification/replacement of valves recd.frm site;Weekly VC with BDK -(2d); 30mh rel on 10/10[1730] | J15: Chandrashekhar/Rajesh Bhatla/Arun Singh Arya/Sanjay Chaudhary | N15: 0 | Q15: ;32h rel in place of 60h sought on 15/6[532];48h rel on 10/7 in pl. of 76 sought[580];36h (80 sought)rel on 8/8[640]; 49 h rel on ag. 88 sought on18/9 [689];96h rel on 4/10[785] ;42h rel on 29/11(for month of Oct)[827];30h rel on11/1 [857];80h rel on 18/1[937];40h rel on 19/2[977];24h rel against 50h sought on 13/3[1001];36h rel on 10/4[1037]-to be used in Apr since Mar TS already closed.;20mh rel on 2/7(for may)[1057];27h rel on 10/7[1084];40h rel on 9/8[1124]; 20h rel on 12/10[1174];48h rel on 30/12[1222];20mh rel on 8/1[1242];100h addl given on 20/1[1342];50h rel on 19/2[1392];30h rel on 19/3[1422];16mh rel on 17/4 [1438];For Apr+May-38mh rel on 19/6 (against 104+118=222h sought)[1476];Another 100mh rel on 20/6[1576];80mh rel on 11/7[1656];44h rel on 12/8[1700]
A16: B285 | F16: 0 | J16: Sanjeev Kumar/Vikalp Paliwal
A17: B297 | B17: 5 | C17: =2*B17+4 | D17: =8*0 | E17: =8*0 | F17: =SUM(C17:E17) | G17: Exp-5 ord-1 runn ord, 4-FD sub exp Insp: | J17: Chandrashekar/NS Vasudev/Manish Tiwari - GAIL Pata | N17: 10 | Q17: 24h allotted on 25/2/22;44 h allotted on 2/6/22(against 64 sought) - 60h bkd in Jun correspond to previous month; jun rel. not happened sought 88h for Jun/Jul [128 h as of 11/8/22]-80h issued on 22/8/22; 28h resld on 25/8; 232h as on 6/9/22;268 as on 28/10(32 h rel for Sep being util. in Oct);30mh rel on 11/11;40 h rel on 7/12(338 as on 7/12);40h issued on 11/1 [378];30mh issued in Feb 10h avl on 9/2[408];46h given on 9/3 in pl of 68 sought [454]; 100h rel on 6/6 for May'23[554];40 on 8/7 in pl. of 184 h sought[594];20h rel on 9/10- sep ts closed so used in Oct [614] 30h rel for Oct[644]; 32 h rel on 15/12 against 58 sought[676];24h rel on 12/3 ag. 58 sought[755];18h rel on 5/4[773];16h rel on 15/5[789];16h rel on 24/6 [805];32;8h rel on 11/3 [965]h rel on 12/7[837];24h rel on 12/8[861];20h rel on 10/9[881];16h rel on 14/10[897]; 24h rel on 19/11[921];16h rel on 10/12[937];20h rel on 13/1[957];8h rel on 17/3[965]
A18: B302 | B18: 4 | C18: =2*4+4*2 | D18: =8*5 | E18: =8*0.5 | F18: =SUM(C18:E18) | G18: 4 (incl. 1 OCS) ;6873-KEPL/TMEIC-Drives insp-18-21,28/8(4d);Fluidyne/Auma -26/8(1d);Doc rev: 103-PLC QAP rev -30/8(0.5d); | J18: Suresh/D Jana(302-1)/Sivakumar(302-2)/Abhishek Rai/Balbir Singh (01-P/L & 02- COT) - pump order - 02; FOA also to incl. Unit no for correlation | Q18: 8hr allotted on 31/10/21;4h all. On 30/11;16h relsd on 6/2/22;56h relsd against B302-01 on 1/4/22;56h of Mar'22 of 02 unit relsd on 4/5/22;36h for Jul/Aug/Sep'23 relsd against B035 on 3/10;4h rel against B035 on 12/2;10h rel against B035 on 29/5[1523];106 mh rel against 6979 on 21/4 (for Jan/Feb/Mar) 6979-[202]
A19: B348 | B19: 11 | C19: =2*B19+2*2 | D19: 0 | E19: 0 | F19: =SUM(C19:E19) | G19: 10 orders incl. 6 FD exp.+1OCS;26h rel on 30/9[232] | J19: Himangshu/Sanjeev Kumar/Lavish/HarshVardhan | N19: 1 | Q19: Not listed as of 1/8/22- sought listing as well as issue of 12mh till Jul;4h to be rel on 28/9 (14h as on 14/11);8h rel on 3/4[32]; 10h rel on 10/4-to be used in Apr TS[42];10h rel on 8/7[52];16h rel on 29/8[68];16h rel on 14/10[84];12h rel on 25/11[96];16h rel on 30/12[112];7 h rel on 21/2[135];6 h rel on 5/4[141];21h rel on 15/4[162];26h rel on 30/9[232]
A20: B359 | D20: 0 | E20: 0 | F20: =SUM(C20:E20) | J20: Chandrashekhar/Sumanta Mondal/Abhishek/Sarvesh Kumar | Q20: 24h relsd on 30/3/22;24h relsd on 2/8/2216mh rel on 5/3/25[232]
A21: B378 | B21: 22 | C21: =2*B21+2*4 | D21: =8*7 | E21: =8*1 | F21: =SUM(C21:E21) | G21: 21 ord Expediting(incl 10ord FD sub exp)+1OCS;Coordination/resolution of site issues-(1d); Inspn: ABB-ECS FAT-25,26&doc rev 29/8(3d);Anal-14/8(1d);KSBMIL (816)-11,12 & 25/8(3d);Paramount/C&S-Doc rev/IRN end-11/8(1d);116mh rel on 17/9[4782] | J21: Chandrashekhar/Sumanta Mondal/Ajay Gupta/Rajeev Kr Khandelwal/Prakash Jagarwal/Deepak Dinkar -GAIL Usar | N21: 0 | Q21: 15h relsd on 8/6/22 - auth avl for BT/US;28 h bkd as on 1/8/22- so not asked for anything in Jul;28h rel on 30/8/22;40h rel on 27/9(116h);136 as on 28/10;40mh rel on 6/12(200 as on 6/12);70mh rel on 9/1/23(270 as on 10/1);70 h on 9/2[340];50h in place of 96 sought on 13/3[390];130mh rel on 10/4[520];80 h rel in place of 116 sought[600];bal 36h rel on 18/5 [636];70h rel against 108 sought on 8/6 [706];160h rel against 164 sought on 10/7[866];100h rel on 8/8 against 156 sought[966];60h rel ag.168h sought on 12/9 [1126];185 rel. on 5/10[1311];88h rel in Nov [1399];92h rel on 12/12[1491];130h rel on 5/1[1621]; 356h excess bkd in Dec[1977];114h rel on 2/2[2091]140h rel on 13/3[2231];120h rel on 5/4[2351];92h rel on 13/5;95h rel on 10/7[2598];100h rel on 9/8 [2698];130h rel on 9/9[2828];210 rel on 10/10[3038];140h rel on 13/11[3178]; 140 h rel on 26/12[3318];150h rel on 13/1[3468];100h rel on 21/1[3568];140h rel on 12/2[3708];150 mh rel on 17/3[3858];155 mh rel on 15/4[4009];160h rel on 20/5; 160h rel on 16/6[4328];
A22: B414 | B22: 4 | C22: =2*B22+1*4 | D22: =8*0 | E22: =8*1.5 | F22: =SUM(C22:E22) | G22: 4 orders - FD expediting; Insp: ; Doc rev: Pace process/Universal Capac.pkg QAP appls.-3 nos (1.5d); | J22: Himangshu Pal/ Shnaoli Nath | Q22: 96h issued on 6/7/23; B414- 200mh rel on 23/8/23 with time period upto Oct'23(though we had not sought any mh for Jul); [296] ason 13/3 - 133h avl as on 13/3;29h avl as on 8/4;29mh (earl avl) time ext. recd on 13/8/24);212 h rel on 14/10[518]
A23: B436 | B23: 1 | C23: 0 | D23: 0 | E23: 0 | F23: =SUM(C23:E23) | G23: SCADA order on ABB | J23: T Ravi/Sangram Mishra/NS Vasudev | P23: 10h rel on 22/5;26h rel on 12/10[38]
A24: B440 | B24: 16 | C24: =2*B24 + 1*4 | D24: =8*1 | E24: 0 | F24: =SUM(C24:E24) | G24: Desk expediting, QAP appl if SITP not avl,TPI IRN end.,OCS; 80 +80 Mandays(E+I);1 ord on 2L Eng. Recd on 3/4/23; 8h to be sought in May'23; 2 ord exp-8h for Jul'23; As per HO mail dt 11/9/23, MH are not being relsd & exp. Is being done by Pjts - Accordingly, we may not involve; Spl. reqts for IBA appd tptr & freight upto site. ; For Sep: 4ord exp + Rev & Comments on Technicas Insp. related issues - 27/10/23 ;For Nov: 4 ord exp(incl 5 OCS)+tech. clarification on Tech.Reuni Pkg ord; Dec: 6/12- Appl of WPS/PQR rev of TR pkg; ITP R4 reviewed on 16/1/24; WPS/PQR review/clarifications-12/2; IBR certification clarification-14/2; INSPECTION AND TEST PLAN FOR STRUCUTRUAL STEEL FABRICATION OF RADIANT, HEATER & APH - 03-FF-00-051 on 14/3; IRN rev & endors for Plates & Spares on 18 & 22/3(1d); Revised ICP sub on 19/4; ITP for Pr. Part Fabrication appd on 22/4; ITP for Return Bends-8/5;INSPECTION AND TEST PLAN FOR CASTST RETURN BENDS -app on 17/5, clarifications-29/5;Study & Clarification on IGC reqt-7/6;QAP appl of Exp. Joints & Tube seals(14/6); IL ord 48 0 not yet in EPS; Tech. clar. & doc. rev. of Tecnicas - VFDs TPI doc rev. on 13/8/24; MF EPCG license f/up; Doc rev. & IRN endors. of Centrifugally Cast Support on 13/9; Plantech - Line stop fittings/TOR fittings- Doc rev/IRN endors:Hydrocyclone QAP rev-1/10; TR/ABB-VFD Doc rev/IRN end: 16/10; BHEL/Tmeic VFD insp- 28,29/10;Nov: 16 ord (incl.4 FD expediting)+ Insp: TMeic (BHEL S/o)-Drives-8,18/11;Doc Rev/IRN endors: CGL Drives-19/11;Tecnicas/TLT -ID/FD Fans-20/11; Tecnicas/ABB-VFD-13/11; TR - Rev/IRN endors of Exp.Joints & Tube seals(17/12);12ord exp (incl 1 FD sub);Jan:25: 12ord exp (incl 1 FD sub);Feb25: 12 ord (incl 2 FD sub);Mar25:12 ord (incl 2 FD sub; KSBMIL - Rev. & IRN endorsement of 4 lots Control Valves; Apr25: 15ord( inc 2 ord FD sub+1OCS);PO131-rev/end of TPI recds - 4h; May'25: 16ord(incl.1ord FD sub & 1OCS);Jul'25: 16ord(incl.2 ord FD sub);PO155(End of TPI IRN)-26/6(0.5d);30h rel on 24/7[290]; Jul: Tec Reunidas-Spools Doc rev/IRN end- 14/7(0.5d);Weir Min-Hydrocyclone-Mtg. on Insp Clarifications-8/7(0.5d);Aug: 16 ord (incl.5ord fd exp) | J24: Himangshu Pal/Sanjeev Kumar/Ayush Mathur/Shivaji/VVR Murthy | P24: 24h rel. on 5/10;4h rel on 29/2 [56]8h rel on 5/4[64];12h rel on 17/8[90];20h rel on 17/9[110];:16h rel on 10/10[127];18h rel pn 18/11[145]; 30h rel on 26/12[175];20h rel on 10/2[195] ; 35h rel on 21/4[230];15 h rel on 24/5[245]; 15 rel on 16/6[260]
A25: B448 | B25: 1 | C25: 0 | D25: =8*0 | E25: =8*2.5 | F25: =SUM(C25:E25) | G25: Insp. & exp. Of Direct ordered items; For LSTK, insp@ payment on manday item rate;resolution of queries on insp from bid till compln. Of pjt;expediting, if reqd. by Owner - ABB-Plant Automation- Consoles QAP rev-6/8(0.5d);Metering Skid QAP-16/8(0.5d); Visit with CLient for expediting - 19/8(1d); Control valves-29/8(0.5d); 28h for Jun&Jul rel on 2/9[280] | J25: Himangshu Pal/Sanjeev Kumar/UK Mishra/NS Vasudev | Q25: 12 h issued on 11/1;4h rel on 11/3[22];8h rel on 6/4[30];20h rel on 11/5 [50];2h rel on 9/10 (sep ts closed so used in Oct)[56];2h rel on 10/4- to be used in Apr TS[56];18h rel on 22/5[74];4h rel on 1/7[78]; 16h rel on 27/8[110];8h rel on 4/3 [160];32h rel on 21/4[192]
A26: B519 | B26: 4 | C26: =2*B26+1*4 | D26: =8*0 | E26: 0 | F26: =SUM(C26:E26) | G26: As per Pjt Prof, desk expediting by HO team, unless specifically sought from RPO(critical items). -Insp.(within4 days of call) & FD cert. by us - OCS not applicable. Insp @MIL -PO6823- 22/11; Insp@MIL on 9/12; Mtg. with YIL to expedite Analyser order (being followed up by Client); Mar25: 4 ord expediting - Check OCS status of B519/6821-YIL - shown o/s in Consolidated EPS rept; Apr'25: 2 runn ord (FD exp)+1OCS; May'25-1run ord+2ord FD exp;Jul'25-4 ord incl.2FD exp.; PO 6827-YIL - insp-25/7(1d); | J26: Chandrashekhar/HarshVardan/Prakash Jagarwal/DSNMurty
A27: B548 | B27: 1 | C27: 0 | D27: 8 | E27: 0 | F27: =SUM(C27:E27) | G27: Resolution of post inspection issues w.r.t Busduct s/o on Stardrive; IRN endorsed on 14/8/25 | J27: HP/Sanjeev Kr/T Ravi/NS Vasudev/Sanjeev Kr Gupta | P27: 8h all on 30/5;4h on 7/8[20];Dec/Jan/Feb-4h each[32];4h rel on 10/4- Mar TS closed- to be used in Apr[36];4h rel on 24/6[40];4h rel on 9/7[44];4h rel on 12/9[48];4h rel on 30/12[52];12h rel on 30/12[64]
A28: B559 | B28: 3 | C28: =2*B28 | D28: 0 | E28: 0 | F28: =SUM(C28:E28) | G28: IOCL Biturox,Vad-Proj. Prof. uploaded on 20/3- Desk Expediting - NO OCS; 3 orders expediting | J28: Sanjay Choudhary/SK Gayen/RK Gupta | P28: 86h rel on 13/3 [86];104h rel on 1/4[190]; 72 sought for Apr- 160 issued considering upcoming Chiller insp (88h extra avl. For May'24[350]-20h rel on 29/5[370];60mh rel on 1/7[386];20mh rel on 1/8[406];16h rel on 25/10[422];1h rel on 24/6 in B559-01[1]
A29: B560 | B29: 12 | C29: =2*B29 | E29: 0 | F29: =SUM(C29:E29) | G29: Req.from ED(I) for expediting on 15/6/24 - 12 orders (incl.5 Running orders) & OCS also to be made as per latest reqt.; | J29: Chandrashekhar/Vinod Kumar/RK Medhavi | P29: 100h rel on 23/4
A30: B589 | B30: 0 | C30: 0 | D30: 0 | E30: 0 | F30: 0 | J30: Himangshu Pal/Sanjeev Kr/T Ravi/NS Vasudev/Sanjeev Kr Gupta | P30: 8h rel on 6/6;8h on 7/8[18];8in oct,8 in dec,4 in Jan[38];12 on 5/4[50];8h rel on 10/4-Mar TS closed - to be used in Apr.[58];8h rel on 24/6[64];8h rel on 17/8[78];8h rel on 5/9[86];8h rel on 11/9[94]
A31: B650 | B31: 2 | C31: =B31*2 | F31: =SUM(C31:E31) | G31: No scope for RPO - however, OCS to be done | J31: Sanjay Choudhary/Siddant Kumar
A32: B653 | B32: 13 | C32: =2*B32+1*4 | E32: 8 | F32: =SUM(C32:E32) | G32: Expediting by RPOs as per email dtd 22/10/24, OCS by RPO as per CS mail dt 17/1; (13 running incl 3FD exp);Univ Insts -Visit-21/8 -8h | J32: Sanjeev Kumar/Aasheesh Handa/Amandeep Kaur | P32: 40h rel on 9/4/24 [40]
A33: B725 | B33: 3 | D33: 0 | E33: 0 | F33: =SUM(C33:E33) | G33: No expediting; | J33: Himangshu/Sanjeev Kumar- Scope: Rev. of ITP,Insp Docs & FD | P33: 4h sought by BT on 27/5 to Sanjeev Kr
A34: B767 | D34: 0 | E34: 0 | F34: =SUM(C34:E34) | J34: Himangshu Pal/Vikalp Paliwal/Balakumar | P34: 200 h rel on 8/8/23;20h bkd in Aug; Next tranche of 200h relsd on 10/1/24 (for period Dec to Feb'24)[400];Next tranche of 250h relsd on 9/7/24 (for period Dec'24)[650]-50h rel on 31/3 [700]
A35: B795 | B35: 2 | D35: 0 | F35: =SUM(C35:E35) | G35: QAP appl. & Insp. in EIL scope | J35: G Suresh/Hemant Gadasia/Tarun Bansal/Dipak Panchal | P35: 32h rels. On 12/9;64h on 16/1; addl 100h rel on 20/1 [276]
A36: B813 | B36: 1 | C36: =2*B36 | F36: =SUM(C36:E36) | G36: Expedite & Inspect critical items (list provided in mail dt.29/5/25) EIL on man-day reimbursable basis - 1 order on KSBMIL | J36: Sanjeev Kumar/Raviraj/Shivaji | M36: NRL-Aqueous Ammonia Unit
A37: B861 | B37: 1 | C37: =2*B37 | D37: 0 | E37: 8 | F37: =SUM(C37:E37) | G37: Enginemtes order -Expediting/ rev. of Quality reqts | J37: G Suresh/Hemant Gadasia/
A38: B862 | B38: =2+1 | C38: =B38*2 | F38: =SUM(C38:E38) | G38: manhour for Level- 13 (Group-2), Level -15 & 16 (Group-4) and Level-18 (Group-5) have far exceeded ceiling prescribed in the contract - >Lvl 17-mh limited to 16% | J38: Himangshu Pal/Sanjeev Kumar/Rajeev Khandelwal IOM 10/7/24 from Mr Rajeev Khandelwal on level wise breakup of MH to be booked - to be followed while seeking MH. | M38: PLL | P38: 200h rel in May'25
A39: B865 | B39: 1 | G39: EIL-Inspection scope of work is limited to review & approval of QAP and providing dispatch clearance; Moreover, as per contract provision, HPCL may request for inspection by EIL as & when they found it necessary which will be over & above the TPIA inspection and manhours for same shall be reimbursed by HPCL for such shop visits - No expediting at RPO | J39: Avdesh Agrawal | M39: HPCL Petchem Mktg Terminal
A40: B903 | B40: 3 | C40: =2*B40 | F40: =SUM(C40:E40) | J40: Sanjeev Kumar/Shnaoli
A41: B904 | B41: 1 | C41: =2*1 | F41: =SUM(C41:E41) | J41: Sanjeev Kumar/Shnaoli | O41: Proj. prof. n.avl.
A42: B933 | B42: =1+1 | C42: =2*B42 | E42: =8*0.5 | F42: =SUM(C42:E42) | G42: Pump ITP rev-19/8(0.5d) | J42: G Suresh/Binoy Debnath
A43: C007 | B43: 10 | D43: =8*B43 | F43: =SUM(C43:E43) | G43: Welspun deputation from 29/7 to 13/8;88h rel on 7/9[192] | J43: Himangshu Pal/Hemant Gadasia
A44: Leave | B44: 15 | F44: =8*B44 | G44: VR:5d; AG:8;SV-1d-13;US:21 ;BT:18,19,20;NV-4d-25,26,28,29 | O44: =F44-N44 | P44: 68
A45: Total | B45: =SUM(B10:B44) | F45: =SUM(F4:F44) | O45: =F45-N45 | P45: =SUM(P10:P44) | Q45: =672-P45
I46: =52*5*3- 36
A47: Notes:
A48: 1. If there are any other job nos., pl. include the same.
A49: Guidelines :
A50: 1. Inspection Visit including review and endorsement of final documents: At actual
A51: 2. Expediting and preparation of expediting report: Average 2 hours /month /order ( No separate man hours for coordination )
A52: 3. Expediting visit/ Attending meeting with project/.Client: At actual
A53: 4. Review of ITP for Bulk items under package order: Average 1 hour/ ITP ( No man hours for standard EIL ITP being used by the supplier/Contractor)
A54: 5. Review of ITP for Equipment (Mechanical and Electrical/DCS etc): Average 2 hours/order
A55: 6. Endorsement of IRN issued by the TPIA and issue of despatch Clearance on review of Inspection documents as per scope defined in project profile/original contract for Bulk items: 4 Hour/IRN of TPIA
A56: 7. Endorsement of IRN issued by the TPIA and issue of despatch Clearance on review of Inspection documents as per project profile/contract for Equipment like Column/ DCS/Compressor/Pumps etc: 8 Hours/IRN of TPIA
A57: 8. Order Closing report: Average 2 hours/Order

Sheet Aug25
A1: RPO : Bengaluru | D1: LOCATION CODE : 18-42-506 | H1: MONTH : | I1: 45870 | M1: Total MH reqd: | O1: =ConsolidatedMHrequirementAug25!A2
A3: Job No | B3: Number of Purchase Orders | C3: No of Engineers deployed | D3: No of Inspn / Expediting Visits | E3: No of Expediting Reports / Desk expediting | F3: No of OCRs | G3: Manhours for Inspection | H3: Manhours for expediting | I3: Others | J3: Total Manhours required | K3: Recd as on 2/09/25 | L3: Shortfall
A4: 4994 | B4: =ConsolidatedMHrequirementAug25!B4 | G4: =ConsolidatedMHrequirementAug25!D4 | H4: =ConsolidatedMHrequirementAug25!C4 | I4: =ConsolidatedMHrequirementAug25!E4 | J4: =VLOOKUP(A4,ConsolidatedMHrequirementAug25!$A$4:$I$44,6,FALSE) | K4: 24 | L4: =J4-K4 | M4: =ConsolidatedMHrequirementAug25!G4
A5: 6979 | B5: =ConsolidatedMHrequirementAug25!B5 | G5: =ConsolidatedMHrequirementAug25!D5 | H5: =ConsolidatedMHrequirementAug25!C5 | I5: =ConsolidatedMHrequirementAug25!E5 | J5: =VLOOKUP(A5,ConsolidatedMHrequirementAug25!$A$4:$I$44,6,FALSE) | L5: =J5-K5 | M5: =ConsolidatedMHrequirementAug25!G5
A6: 7716 | B6: =ConsolidatedMHrequirementAug25!B6 | G6: =ConsolidatedMHrequirementAug25!D6 | H6: =ConsolidatedMHrequirementAug25!C6 | I6: =ConsolidatedMHrequirementAug25!E6 | J6: =VLOOKUP(A6,ConsolidatedMHrequirementAug25!$A$4:$I$44,6,FALSE) | L6: =J6-K6 | M6: =ConsolidatedMHrequirementAug25!G6
A7: 8518 | B7: =ConsolidatedMHrequirementAug25!B7 | G7: =ConsolidatedMHrequirementAug25!D7 | H7: =ConsolidatedMHrequirementAug25!C7 | I7: =ConsolidatedMHrequirementAug25!E7 | J7: =VLOOKUP(A7,ConsolidatedMHrequirementAug25!$A$4:$I$44,6,FALSE) | K7: 301 | L7: =J7-K7 | M7: =ConsolidatedMHrequirementAug25!G7
A8: 8590 | B8: =ConsolidatedMHrequirementAug25!B8 | G8: =ConsolidatedMHrequirementAug25!D8 | H8: =ConsolidatedMHrequirementAug25!C8 | I8: =ConsolidatedMHrequirementAug25!E8 | J8: =VLOOKUP(A8,ConsolidatedMHrequirementAug25!$A$4:$I$44,6,FALSE) | K8: 16 | L8: =J8-K8 | M8: =ConsolidatedMHrequirementAug25!G8
A9: B016 | B9: =ConsolidatedMHrequirementAug25!B9 | G9: =ConsolidatedMHrequirementAug25!D9 | H9: =ConsolidatedMHrequirementAug25!C9 | I9: =ConsolidatedMHrequirementAug25!E9 | J9: =VLOOKUP(A9,ConsolidatedMHrequirementAug25!$A$4:$I$44,6,FALSE) | L9: =J9-K9 | M9: =ConsolidatedMHrequirementAug25!G9
A10: B035 | B10: =ConsolidatedMHrequirementAug25!B10 | G10: =ConsolidatedMHrequirementAug25!D10 | H10: =ConsolidatedMHrequirementAug25!C10 | I10: =ConsolidatedMHrequirementAug25!E10 | J10: =VLOOKUP(A10,ConsolidatedMHrequirementAug25!$A$4:$I$44,6,FALSE) | K10: 24 | L10: =J10-K10 | M10: =ConsolidatedMHrequirementAug25!G10
A11: B038 | B11: =ConsolidatedMHrequirementAug25!B11 | G11: =ConsolidatedMHrequirementAug25!D11 | H11: =ConsolidatedMHrequirementAug25!C11 | I11: =ConsolidatedMHrequirementAug25!E11 | J11: =VLOOKUP(A11,ConsolidatedMHrequirementAug25!$A$4:$I$44,6,FALSE) | L11: =J11-K11 | M11: 1order OCS
A12: B058 | B12: =ConsolidatedMHrequirementAug25!B12 | G12: =ConsolidatedMHrequirementAug25!D12 | H12: =ConsolidatedMHrequirementAug25!C12 | I12: =ConsolidatedMHrequirementAug25!E12 | J12: =VLOOKUP(A12,ConsolidatedMHrequirementAug25!$A$4:$I$44,6,FALSE) | L12: =J12-K12 | M12: =ConsolidatedMHrequirementAug25!G12
A13: B224 | B13: =ConsolidatedMHrequirementAug25!B13 | G13: =ConsolidatedMHrequirementAug25!D13 | H13: =ConsolidatedMHrequirementAug25!C13 | I13: =ConsolidatedMHrequirementAug25!E13 | J13: =VLOOKUP(A13,ConsolidatedMHrequirementAug25!$A$4:$I$44,6,FALSE) | L13: =J13-K13 | M13: =ConsolidatedMHrequirementAug25!G13
A14: B229 | B14: =ConsolidatedMHrequirementAug25!B14 | G14: =ConsolidatedMHrequirementAug25!D14 | H14: =ConsolidatedMHrequirementAug25!C14 | I14: =ConsolidatedMHrequirementAug25!E14 | J14: =VLOOKUP(A14,ConsolidatedMHrequirementAug25!$A$4:$I$44,6,FALSE) | L14: =J14-K14 | M14: =ConsolidatedMHrequirementAug25!G14
A15: B269 | B15: =ConsolidatedMHrequirementAug25!B15 | F15: 1 | G15: =ConsolidatedMHrequirementAug25!D15 | H15: =ConsolidatedMHrequirementAug25!C15 | I15: =ConsolidatedMHrequirementAug25!E15 | J15: =VLOOKUP(A15,ConsolidatedMHrequirementAug25!$A$4:$I$44,6,FALSE) | K15: 30 | L15: =J15-K15 | M15: =ConsolidatedMHrequirementAug25!G15
A16: B285 | B16: =ConsolidatedMHrequirementAug25!B16 | G16: =ConsolidatedMHrequirementAug25!D16 | H16: =ConsolidatedMHrequirementAug25!C16 | I16: =ConsolidatedMHrequirementAug25!E16 | J16: =VLOOKUP(A16,ConsolidatedMHrequirementAug25!$A$4:$I$44,6,FALSE) | L16: =J16-K16 | M16: =ConsolidatedMHrequirementAug25!G16
A17: B297 | B17: =ConsolidatedMHrequirementAug25!B17 | G17: =ConsolidatedMHrequirementAug25!D17 | H17: =ConsolidatedMHrequirementAug25!C17 | I17: =ConsolidatedMHrequirementAug25!E17 | J17: =VLOOKUP(A17,ConsolidatedMHrequirementAug25!$A$4:$I$44,6,FALSE) | L17: =J17-K17 | M17: =ConsolidatedMHrequirementAug25!G17
A18: B302 | B18: =ConsolidatedMHrequirementAug25!B18 | F18: 1 | G18: =ConsolidatedMHrequirementAug25!D18 | H18: =ConsolidatedMHrequirementAug25!C18 | I18: =ConsolidatedMHrequirementAug25!E18 | J18: =VLOOKUP(A18,ConsolidatedMHrequirementAug25!$A$4:$I$44,6,FALSE) | L18: =J18-K18 | M18: =ConsolidatedMHrequirementAug25!G18
A19: B348 | B19: =ConsolidatedMHrequirementAug25!B19 | F19: 1 | G19: =ConsolidatedMHrequirementAug25!D19 | H19: =ConsolidatedMHrequirementAug25!C19 | I19: =ConsolidatedMHrequirementAug25!E19 | J19: =VLOOKUP(A19,ConsolidatedMHrequirementAug25!$A$4:$I$44,6,FALSE) | K19: 26 | L19: =J19-K19 | M19: =ConsolidatedMHrequirementAug25!G19
A20: B359 | B20: =ConsolidatedMHrequirementAug25!B20 | G20: =ConsolidatedMHrequirementAug25!D20 | H20: =ConsolidatedMHrequirementAug25!C20 | I20: =ConsolidatedMHrequirementAug25!E20 | J20: =VLOOKUP(A20,ConsolidatedMHrequirementAug25!$A$4:$I$44,6,FALSE) | L20: =J20-K20 | M20: =ConsolidatedMHrequirementAug25!G20
A21: B378 | B21: =ConsolidatedMHrequirementAug25!B21 | F21: 1 | G21: =ConsolidatedMHrequirementAug25!D21 | H21: =ConsolidatedMHrequirementAug25!C21 | I21: =ConsolidatedMHrequirementAug25!E21 | J21: =VLOOKUP(A21,ConsolidatedMHrequirementAug25!$A$4:$I$44,6,FALSE) | K21: 116 | L21: =J21-K21 | M21: =ConsolidatedMHrequirementAug25!G21
A22: B414 | B22: =ConsolidatedMHrequirementAug25!B22 | G22: =ConsolidatedMHrequirementAug25!D22 | H22: =ConsolidatedMHrequirementAug25!C22 | I22: =ConsolidatedMHrequirementAug25!E22 | J22: =VLOOKUP(A22,ConsolidatedMHrequirementAug25!$A$4:$I$44,6,FALSE) | L22: =J22-K22 | M22: =ConsolidatedMHrequirementAug25!G22
A23: B436 | B23: =ConsolidatedMHrequirementAug25!B23 | G23: =ConsolidatedMHrequirementAug25!D23 | H23: =ConsolidatedMHrequirementAug25!C23 | I23: =ConsolidatedMHrequirementAug25!E23 | J23: =VLOOKUP(A23,ConsolidatedMHrequirementAug25!$A$4:$I$44,6,FALSE) | L23: =J23-K23 | M23: =ConsolidatedMHrequirementAug25!G23
A24: B440 | B24: =ConsolidatedMHrequirementAug25!B24 | G24: =ConsolidatedMHrequirementAug25!D24 | H24: =ConsolidatedMHrequirementAug25!C24 | I24: =ConsolidatedMHrequirementAug25!E24 | J24: =VLOOKUP(A24,ConsolidatedMHrequirementAug25!$A$4:$I$44,6,FALSE) | K24: 0 | L24: =J24-K24 | M24: =ConsolidatedMHrequirementAug25!G24
